sku,url
4513812,https://d2c5rvsfjg2eub.cloudfront.net/asset/208244749100/image_bu8hc9kj5d48ra81ljjj5kbu15/4513812_21021_001_TE_HD_18_Li_Solo_RAL3002_Pic.jpg
4431166,https://d2c5rvsfjg2eub.cloudfront.net/asset/208244749100/image_qc911i8o915gnb3ercs7d9bi6r/4431166_21013_001.png
4465170,https://d2c5rvsfjg2eub.cloudfront.net/asset/208244749100/image_utd8gfn6890u5esmpa8323v254/4465170_21020_001.png
4513925,https://d2c5rvsfjg2eub.cloudfront.net/asset/208244749100/image_4um326l3hd3tf3rojble1bls5b/4513925_11018_001_TE_CD_18_40_Li_Solo_Pic_RGB.png
4514255,https://d2c5rvsfjg2eub.cloudfront.net/asset/208244749100/image_pvmuc9edd96jb0a1s4d6tues4o/4514255_21013_001_TC_CD_18_35_2_Li_15Ah_Pic_RGB.png
4514231,https://d2c5rvsfjg2eub.cloudfront.net/asset/208244749100/image_t2v30jpbth3jl5as9va83o6f3c/4514231_21023_001_TE_CD_18_2_Li_2x2Ah_Pic_RGB.png
4513939,https://d2c5rvsfjg2eub.cloudfront.net/asset/208244749100/image_peagepa3r53mr7ncullr5sdn09/4513939_21033_001_TE_CD_18_40_1_Pic_RGB.png
4513942,https://d2c5rvsfjg2eub.cloudfront.net/asset/208244749100/image_npjg46h6b14790jckvsaprvu1k/4513942_21032_001_TP_CD_18_50_Li_i_BL_Solo_RAL3002_Pic.jpg
4510034,https://d2c5rvsfjg2eub.cloudfront.net/asset/208244749100/image_ukamnj10813df8ainhkcdv5g2d/4510034_21021_001_TE_CI_18_1_Li_Solo_Pic_RGB.png
4331220,https://d2c5rvsfjg2eub.cloudfront.net/asset/208244749100/image_lu7o988qet6uh0sr0olg6euh40/4331220_21032_001.png
4321209,https://d2c5rvsfjg2eub.cloudfront.net/asset/208244749100/image_fvhhqh5v2l7cl7fhrh7hl0u22b/4321209_21031_001_TC_JS_18_Li_Solo_Pic_RGB.png
4326300,https://d2c5rvsfjg2eub.cloudfront.net/asset/208244749100/image_2cj3qfn9k91rp9nf3i6ssdpm16/4326300_21043_001_TE_AP_18_22_Li_Solo_Pic.jpg
4460725,https://d2c5rvsfjg2eub.cloudfront.net/asset/208244749100/image_oft0jkn2n95t7bitkh0bm9240h/4460725_11018_001_TC_OS_18_187_Li_Solo_Pic_RGB.png
4430971,https://d2c5rvsfjg2eub.cloudfront.net/asset/208244749100/image_v36bl3htmp67tbrbfkkav0vd36/4430971_21044_001_TC_AG_125_850_Pic.jpg
4430977,https://d2c5rvsfjg2eub.cloudfront.net/asset/208244749100/image_g5qvfovkt53cbdniivrtpvf00i/4430977_21023_001_TC_AG_125_850_Kit_Pic_RGB.png
4257238,https://d2c5rvsfjg2eub.cloudfront.net/asset/208244749100/image_7qp2t372ut59rdv273a09cv94d/4257238_21044_001_TC_TK_18_Li_Kit_Pic.jpg
4257242,https://d2c5rvsfjg2eub.cloudfront.net/asset/208244749100/image_29c0mres7d66701r6ecnvahn04/4257242_21013_001_TE_TK_18_3_Li_Kit_Pic_rgb.png
4300890,https://d2c5rvsfjg2eub.cloudfront.net/asset/208244749100/image_khi013mar51tj39i6bu7uh2k46/4300890_21032_001_TE_MS_18_210_Li_Solo_Pic_RGB.png
4340450,https://d2c5rvsfjg2eub.cloudfront.net/asset/208244749100/image_ns9mpsj0ol6alf18at70nh3h0q/4340450_11019_001.png
4020415,https://d2c5rvsfjg2eub.cloudfront.net/asset/208244749100/image_udq7ger5vt60v4o0j5dq9ne042/4020415_21023_001.png
4257990,https://d2c5rvsfjg2eub.cloudfront.net/asset/208244749100/image_8bdhgs9m1d167d0jmoo02lql3p/4257990_21023_001_TC_RH_620_4F_Pic_RGB.png
4258237,https://d2c5rvsfjg2eub.cloudfront.net/asset/208244749100/image_vlvjcbbt0p1cbbtiau5fub9838/4258237_21042_001_TC_RH_900_RAL3002_Pic.jpg
4258508,https://d2c5rvsfjg2eub.cloudfront.net/asset/208244749100/image_oirm5cgg2h7t1768ulvo2qu60m/4258508_21011_001_TE_RH_32_1600_4F_RAL3002_Pic.jpg
4259848,https://d2c5rvsfjg2eub.cloudfront.net/asset/208244749100/image_7oavr1jk2p1fj4l6jnho2ne420/4259848_11018_001_TC_ID_720_1_E_RAL3002_Pic.jpg
4258621,https://d2c5rvsfjg2eub.cloudfront.net/asset/208244749100/image_9dp22jc2qh52v5t2l0gjar3o2g/4258621_11016_001_TC_ID_550_E_RAL3002_Pic.jpg
4465155,https://d2c5rvsfjg2eub.cloudfront.net/asset/208244749100/image_8iq65rsrh955tadks8iciokh66/4465155_21023_TE_MG_350_EQ_RAL3002_Pic_rgb.png
4350474,https://d2c5rvsfjg2eub.cloudfront.net/asset/208244749100/image_sh7nirg7f92rrd6msud1g34v1g/4350474_21023_001_TC_RO_1155_Kit_Pic_RGB.png
4331040,https://d2c5rvsfjg2eub.cloudfront.net/asset/208244749100/image_7klpdntafp467c5sp4hh8erv6s/4331040_11019_001_TC_CS_1250_RAL3002_Pic.jpg
4321157,https://d2c5rvsfjg2eub.cloudfront.net/asset/208244749100/image_cmmvlhnaih15ddm5bo3drj674r/4321157_21033_001.jpg
4321135,https://d2c5rvsfjg2eub.cloudfront.net/asset/208244749100/image_nrsl8al2ol7bvf6nh3ubkp6k7t/4321135_21022_001_TC_JS_60_1_Pic_rgb.jpg
4326161,https://d2c5rvsfjg2eub.cloudfront.net/asset/208244749100/image_1oh1kjot7105f74dr0bittj64o/4326161_21011_001_TC_AP_690_E_RAL3002_Pic.jpg
4326170,https://d2c5rvsfjg2eub.cloudfront.net/asset/208244749100/image_ku81j1dt1964f3v72ed69mqp6a/4326170_21023_001_TE_AP_750_E_Pic_rgb.png
4419169,https://d2c5rvsfjg2eub.cloudfront.net/asset/208244749100/image_pvln42figt1mjf0t31mr5j0k4s/4419169_11025_001_TC_MG_135_E_RAL3002_Pic.jpg
4300390,https://d2c5rvsfjg2eub.cloudfront.net/asset/208244749100/image_tug74mmqo561f8523uhuvafd7l/4300390_21032_001_TC_SM_2131_2_Dual_Pic_rgb.png
4340510,https://d2c5rvsfjg2eub.cloudfront.net/asset/208244749100/image_uo23qcgin546hdhf50st8pjt4t/4340510_21033_001_TC_TS_254_U_Pic_rgb.png
4007325,https://d2c5rvsfjg2eub.cloudfront.net/asset/208244749100/image_4vkdl29h4h507ahbas2bcj6469/4007325_21053_001_TC_AC_190_24_8_Pic_rgb.png
4007332,https://d2c5rvsfjg2eub.cloudfront.net/asset/208244749100/image_f15bh9qij55sr6h1l8m6vlha7m/4007332_21043_001_TC_AC_190_50_8_Pic.png
2342167,https://d2c5rvsfjg2eub.cloudfront.net/asset/208244749100/image_fs14kshqjh109dsc9vmjtujr59/2342167_11039_001_TC_VC_1820_S_RAL3002_Pic.jpg
4511489,https://d2c5rvsfjg2eub.cloudfront.net/asset/208244749100/image_fo2e6fncl13ap8l1uvo9vsd44c/4511489_21093_001_PXC_Twinpack_CB2_2x4Ah_Pic.png
4512097,https://d2c5rvsfjg2eub.cloudfront.net/asset/208244749100/image_84mhj5frap4l57u7t1ijpsqg2f/4512097_11019_001.png
4512042,https://d2c5rvsfjg2eub.cloudfront.net/asset/208244749100/image_gn0la4p8295ntbr96vjoru4l4e/4512042_21083_001_18V_4Ah_PXC_Starter_Kit_C2_Pic_RGB.png
4512114,https://d2c5rvsfjg2eub.cloudfront.net/asset/208244749100/image_iuli9sq0e52kla88msh9aehc59/4512114_21010_001_PXC_Fastcharger_5_2Ah_4A_Pic_RGB.png
4512112,https://d2c5rvsfjg2eub.cloudfront.net/asset/208244749100/image_flfskte34541bbhsf110rttk5d/4512112_21010_001_2x4Ah&Twingcharger_Kit_1_RAL3002_Pic.jpg
4512143,https://d2c5rvsfjg2eub.cloudfront.net/asset/208244749100/image_8un65vf1u17238nnhtgm269a3e/4512143_21012_001_18V_4-6Ah_6A_Boostch_Pic.jpg
4512159,https://d2c5rvsfjg2eub.cloudfront.net/asset/208244749100/image_rinu8bkdcl7uv0jo3r7rlqfc0v/4512159_21014_001.png
4513900,https://d2c5rvsfjg2eub.cloudfront.net/asset/208244749100/image_s7maf1kcod0htbbnl1nenhb029/4513900_21044_001_HEROCCO_18_20_Pic_RGB.png
4513950,https://d2c5rvsfjg2eub.cloudfront.net/asset/208244749100/image_t28vkg2kgh6flbad2voi5nnm69/4513950_21021_001.png
4513970,https://d2c5rvsfjg2eub.cloudfront.net/asset/208244749100/image_mogcui0fnt67p32ktkn7blm47m/4513970_21023_001_TE_HD_18_12_Li_solo_Pic_RGB.png
4513983,https://d2c5rvsfjg2eub.cloudfront.net/asset/208244749100/image_f6r5dpf8s50vr35ri26s5jh31u/4513983_21013_001.jpg
4514260,https://d2c5rvsfjg2eub.cloudfront.net/asset/208244749100/image_siccuof0611utcuek47mda280o/4514260_21012_001_TE_HD_18_20_RAL3002_Pic.jpg
4514265,https://d2c5rvsfjg2eub.cloudfront.net/asset/208244749100/image_8pcoiemtfp4oj9fg5s3j4p0u7g/4514265_21023_001_TP_HD_18_26_Li_BL_Solo_Pic_RGB.png
4514270,https://d2c5rvsfjg2eub.cloudfront.net/asset/208244749100/image_useml4p7cp4bj180mpkr6prb48/4514270_21023_001_TP_HD_18_26_D_Li_BL_Solo_Pic_RGB.png
4513960,https://d2c5rvsfjg2eub.cloudfront.net/asset/208244749100/image_i31jkkhr6t4k77pvppeorgdv2f/4513960_21023_001_TE_ID_18_Li_Solo_Pic_RGB.png
4258760,https://d2c5rvsfjg2eub.cloudfront.net/asset/208244749100/image_h3uben9ci5269e7jjvjr854v2m/4258760_11018_001_TE_MX_18_Li_Solo_RAL3002_Pic.jpg
4258770,https://d2c5rvsfjg2eub.cloudfront.net/asset/208244749100/image_iovu881ni96mb7qr7ptk8efd7v/4258770_21023_001_TP_MX_18_2_Li_BL_Solo_Pic.jpg
4431110,https://d2c5rvsfjg2eub.cloudfront.net/asset/208244749100/image_rqlee89tul1vr73bqs41b4vv3d/4431110_21054_001.png
4431130,https://d2c5rvsfjg2eub.cloudfront.net/asset/208244749100/image_ds6a6qkaud2e50i3o50a2p344o/4431130_21034_001.png
4431140,https://d2c5rvsfjg2eub.cloudfront.net/asset/208244749100/image_pin4clj8np125d7rhjmlb2020q/4431140_21064_001_AXXIO_18_125_Pic_RGB.png
4431144,https://d2c5rvsfjg2eub.cloudfront.net/asset/208244749100/image_pit48usr5558lbamesvb7sdp72/4431144_21064_001.png
4431150,https://d2c5rvsfjg2eub.cloudfront.net/asset/208244749100/image_mqee7es1c95pl647nhkel0a46d/4431150_21043_001_AXXIO_18_115_Q_Pic.jpg
4431151,https://d2c5rvsfjg2eub.cloudfront.net/asset/208244749100/image_hn300ol8a53356k3n4j8ar5n2a/4431151_21054_001_AXXIO_18_125_Q_Pic_RGB.png
4431154,https://d2c5rvsfjg2eub.cloudfront.net/asset/208244749100/image_jqvb0aaujt33tbhao68cu9f86v/4431154_21024_001_AXXIO_18_115_Pic_RGB.png
4431155,https://d2c5rvsfjg2eub.cloudfront.net/asset/208244749100/image_b97gv6i83t76n3ub67ue6bam7h/4431155_21024_001.png
4431160,https://d2c5rvsfjg2eub.cloudfront.net/asset/208244749100/image_48kon65rmp2a195vlpis70ri0u/4431160_21024_001.png
4431165,https://d2c5rvsfjg2eub.cloudfront.net/asset/208244749100/image_6vspcds5gp5p334dacjj55fe3k/4431165_21011_001_TE_AG_18_115_Q_Li_Solo_Pic_RGB.png
4431134,https://d2c5rvsfjg2eub.cloudfront.net/asset/208244749100/image_qak3pmspk15bh942ju3f6dge3i/4431134_21043_001_TE_AG_18_115_Li_4Ah_Pic.jpg
4465190,https://d2c5rvsfjg2eub.cloudfront.net/asset/208244749100/image_1jm3lhv7gd1fr6ntaecvl5p07t/4465190_21012_001_TP_MG_18_Li_BL_Solo_Pic_RGB.png
4465195,https://d2c5rvsfjg2eub.cloudfront.net/asset/208244749100/image_75msgq84j93mhe9sft874npb4b/4465195_21013_001_TE_MG_18_1_Li_Solo_Pic_RGB.png
4465160,https://d2c5rvsfjg2eub.cloudfront.net/asset/208244749100/image_73pkupg8tl3bl2qc5t1hke6g18/4465160_21043_001_VARRITO_Pic_RGB.png
4513927,https://d2c5rvsfjg2eub.cloudfront.net/asset/208244749100/image_c02m4hc5nt6530o0ql5or9pp03/4513927_21021_001.png
4513833,https://d2c5rvsfjg2eub.cloudfront.net/asset/208244749100/image_i26a6tht395213oud4oransu3r/4513833_21020_001_TE_CD_18_2_Li_Solo_RAL3002_Pic.jpg
4513997,https://d2c5rvsfjg2eub.cloudfront.net/asset/208244749100/image_ooq3dp0br95l17jvln2oavln4b/4513997_21010_001_TE_CD_18_40_Li_BL_Solo_RAL3002_Pic.jpg
4514210,https://d2c5rvsfjg2eub.cloudfront.net/asset/208244749100/image_v0k2jjat2l5steufs0bfnmil45/4514210_21010_001_TP_CD_18_60_Li_BL_Solo_Pic_RGB.png
4513850,https://d2c5rvsfjg2eub.cloudfront.net/asset/208244749100/image_0c3lcu36sl1s18uqgjhe296t4k/4513850_21031_001_TP_CD_18_Li_BL_Solo_Pic_RGB.png
4513887,https://d2c5rvsfjg2eub.cloudfront.net/asset/208244749100/image_plf4fmr5dh529dbv79hf3e601q/4513887_21032_001_TE_CD_18_50_Li_BL_Solo_RAL3002_Pic.jpg
4514300,https://d2c5rvsfjg2eub.cloudfront.net/asset/208244749100/image_v12p1skjfd4orcefob1qoajp30/4514300_21013_001_TP_CD_18_80_Li_BL_Solo_Pic_RGB (2).png
4513830,https://d2c5rvsfjg2eub.cloudfront.net/asset/208244749100/image_t4kkvmn2k13cbcqs6h8nr12r52/4513830_21031_001_TE_CD_18_2_Li_Kit_RAL3002_Pic.jpg
4513914,https://d2c5rvsfjg2eub.cloudfront.net/asset/208244749100/image_8tb0e4uo8l73j0e8kqbrd2g57j/4513914_21033_001.png
4513896,https://d2c5rvsfjg2eub.cloudfront.net/asset/208244749100/image_9b9c964ocd6ll3qdp5oj6onf10/4513896_21043_001_TP_CD_18_50_Li_BL_Pic_rgb.png
4513948,"https://d2c5rvsfjg2eub.cloudfront.net/asset/208244749100/image_f13ufc5rdh7ll33vfhsa9ufd77/4513948_21021_001_TE_CD_18_40_1_1x2,5Ah_RAL3002.jpg"
4513990,https://d2c5rvsfjg2eub.cloudfront.net/asset/208244749100/image_fs7n1c463t21j2orb0ntpf6u2v/4513990_21023_001_TE_CD_18_45_3X_Li_22_Pic_RGB.png
4513995,https://d2c5rvsfjg2eub.cloudfront.net/asset/208244749100/image_1k4g32cfnh5qt1s125duuuec4b/4513995_21023_002_TE_CD_18_40_Li_BL_Pic_RGB.png
4514219,https://d2c5rvsfjg2eub.cloudfront.net/asset/208244749100/image_pbavphgb6l67rd0ktknl69ua46/4514219_21033_001_TE_CD_18_2_Li_39_Pic_RGB.png
4513957,https://d2c5rvsfjg2eub.cloudfront.net/asset/208244749100/image_8b8pdc1uf92oh6m2pd91rjfl2i/4513957_21033_001_TC_CD_18_35_Li_39_Pic_RGB.png
4513926,https://d2c5rvsfjg2eub.cloudfront.net/asset/208244749100/image_5h86u6on5h7ib354scdaplm815/4513926_21020_001.png
4513860,https://d2c5rvsfjg2eub.cloudfront.net/asset/208244749100/image_44j1sqb76d52fbe7gbhd7gt90s/4513860_21041_001_TP_CD_18_Li_i_BL_Solo_Pic_RGB.png
4514205,https://d2c5rvsfjg2eub.cloudfront.net/asset/208244749100/image_7jcbtqbjmh0mh4in7u6b2jp30v/4514205_21010_001_TE_CD_18_60_Li_i_BL_RAL3002_Pic.jpg
4514305,https://d2c5rvsfjg2eub.cloudfront.net/asset/208244749100/image_2hio9fnh4l5nd2djv9ihje9e2u/4514305_21013_001_TP_CD_18_Li_i_BL_Solo_Pic_RGB.png
4514310,https://d2c5rvsfjg2eub.cloudfront.net/asset/208244749100/image_bvnr7n2iv97qp5ubvf18eb0515/4514310_21013_001_TP_CD_18_120_Li_i_BL_Solo_Pic_RGB.png
4513935,https://d2c5rvsfjg2eub.cloudfront.net/asset/208244749100/image_nrcsbt5sa50i35fn5spaavgt0c/4513935_21043_001_TE_CD_18_48_Li_i_Pic_RGB.png
4513940,https://d2c5rvsfjg2eub.cloudfront.net/asset/208244749100/image_7vim6madg577fbm13h6fk3m50i/4513940_21032_001_TP_CD_18_50_Li_i_BL_Kit_RAL3002_Pic.jpg
4513992,https://d2c5rvsfjg2eub.cloudfront.net/asset/208244749100/image_aqrcek3n4p5f54i9beqnrf9j64/4513992_21034_001_TE_CD_18_40_Li_i_64_Pic.jpg
4514316,https://d2c5rvsfjg2eub.cloudfront.net/asset/208244749100/image_af72rgomgt0hj8sm5rdu6rnt46/4514316_21013_001.png
4514220,https://d2c5rvsfjg2eub.cloudfront.net/asset/208244749100/image_sn93mrv4i149b3gp9toielnp3u/4514220_21033_001_TC_CD_18_2_Li_i_22_Pic_RGB.png
4514225,https://d2c5rvsfjg2eub.cloudfront.net/asset/208244749100/image_cv0t7d2nal0rb0oqsdi7jb6t0u/4514225_21023_001_TP_CD_18_50_Li_i_BL_FCB_Pic_rgb.png
4513861,https://d2c5rvsfjg2eub.cloudfront.net/asset/208244749100/image_1a9fco1a5p5sb4r5o7ompia97h/4513861_21053_001.png
4510030,https://d2c5rvsfjg2eub.cloudfront.net/asset/208244749100/image_evrfo81iq90an86sngm5vhuf75/4510030_21041_001_TP_CI_18_Li_BL_Solo_Pic_RGB.png
4510040,https://d2c5rvsfjg2eub.cloudfront.net/asset/208244749100/image_vopf4g38255ip4rk2n2fn62h1u/4510040_21041_001.png
4510070,https://d2c5rvsfjg2eub.cloudfront.net/asset/208244749100/image_dkv4eqgdbl5pj7ovc8f9lj0f5g/4510070_21023_001.png
4510080,https://d2c5rvsfjg2eub.cloudfront.net/asset/208244749100/image_annaprdof96cd2p13lesr2q01k/4510080_21023_001.png
4259980,https://d2c5rvsfjg2eub.cloudfront.net/asset/208244749100/image_jsbamdfbh975l5oc8sld9evh63/4259980_21043_001_TE_DY_18_Li_Solo_Pic.jpg
4461000,https://d2c5rvsfjg2eub.cloudfront.net/asset/208244749100/image_37ct0v0g912454s77077sjsp30/4461000_21012_001_TE_BF_18_Li_Solo_Pic_RGB.png
4514290,https://d2c5rvsfjg2eub.cloudfront.net/asset/208244749100/image_miq68m1vih7sl5rmoruf87ru0t/4514290_21012_001_TE_AD_18_Li_Solo_Pic_RGB.png
4345400,https://d2c5rvsfjg2eub.cloudfront.net/asset/208244749100/image_jhqomul11t4lfecg0bln45m12e/4345400_11019_001_TE_PL_18_82_Li_RAL3002_Pic_rgb.png
4345405,https://d2c5rvsfjg2eub.cloudfront.net/asset/208244749100/image_igssenvqhh631bvgs9r73tll5k/4345405_21013_001_TP_PL_18_3_Li_BL_Pic_rgb.png
4350412,https://d2c5rvsfjg2eub.cloudfront.net/asset/208244749100/image_3jqqj44pi952312mfq08bjdb3q/4350412_21011_001.png
4350630,https://d2c5rvsfjg2eub.cloudfront.net/asset/208244749100/image_j66bm9o45d1ir64hq256gdjs5g/4350630_21011_001.png
4350411,https://d2c5rvsfjg2eub.cloudfront.net/asset/208244749100/image_mk3nr5q12p3jtb37dhs1il964c/4350411_21023_001_TP_RO_18_Li_BL_Solo_Pic_RGB.png
4350410,https://d2c5rvsfjg2eub.cloudfront.net/asset/208244749100/image_nt7b8acghp7j31833m82ncsp29/4350410_21023_001.png
4331207,https://d2c5rvsfjg2eub.cloudfront.net/asset/208244749100/image_vjevrqof1l3lle270hnoskvi4v/4331207_21021_001.png
4331210,https://d2c5rvsfjg2eub.cloudfront.net/asset/208244749100/image_nris3es92p265bk8368pnc4j1b/4331210_21021_001.png
4331100,https://d2c5rvsfjg2eub.cloudfront.net/asset/208244749100/image_v3k9s1hgt576pdrlhn4qv8650v/4331100_21022_001_TE_CS_18_89_Li_Solo_RAL3002_Pic.jpg
4321200,https://d2c5rvsfjg2eub.cloudfront.net/asset/208244749100/image_dui09tuc2h3lt0v4qp55kj6o5q/4321200_21031_001.jpg
4321260,https://d2c5rvsfjg2eub.cloudfront.net/asset/208244749100/image_aocra0k3gp2hbahjcvalofa57t/4321260_21011_006_TP_JS_18_135_Li_BL_Solo_Pic_RGB.png
4321265,https://d2c5rvsfjg2eub.cloudfront.net/asset/208244749100/image_po1bcdjcrt3it2t871jlanm817/4321265_21012_001_TP_JST_18_135_Li_BL_Solo_Pic_RGB.png
4321228,https://d2c5rvsfjg2eub.cloudfront.net/asset/208244749100/image_p234lpvu1d7a94c60h889egd4o/4321228_21021_001_TC_JS_18_Li_Pic_RGB.png
4326290,https://d2c5rvsfjg2eub.cloudfront.net/asset/208244749100/image_pro4kbv2lh6pj3abfop5ean92s/4326290_21010_001.png
4326310,https://d2c5rvsfjg2eub.cloudfront.net/asset/208244749100/image_6ltap409vp1437eo11mnmta53i/4326310_21043_001__TE_AP_18_28_Li_BL_Solo_pic.png
4460708,https://d2c5rvsfjg2eub.cloudfront.net/asset/208244749100/image_76gt8h10kp28n83vibjl5j6g7r/4460708_21020_001_TE_OS_18_150_Li_Solo_Pic_RGB.png
4466270,https://d2c5rvsfjg2eub.cloudfront.net/asset/208244749100/image_jcg0rrk4652uv0in8u47jsp00v/4466270_21011_001_TP_BS_18_457_Li_BL_Solo_Pic_RGB.png
4462010,https://d2c5rvsfjg2eub.cloudfront.net/asset/208244749100/image_h79tae6qbp0nfb4kvbnnkj4j08/4462010_21031_001_TE_RS_18_Li_Solo_Pic_RGB.png
4462020,https://d2c5rvsfjg2eub.cloudfront.net/asset/208244749100/image_2im686r5c542183911tnu9gl2c/4462020_21012_001.png
4259990,https://d2c5rvsfjg2eub.cloudfront.net/asset/208244749100/image_pmpuluh5893274ntulkiqeka69/4259990_21021_001.png
4259995,https://d2c5rvsfjg2eub.cloudfront.net/asset/208244749100/image_i257pdnpjl6pp093voblptde5c/4259995_21012_001_TP_DWS_18_225_Li_BL_Solo_Pic_RGB.png
4460720,https://d2c5rvsfjg2eub.cloudfront.net/asset/208244749100/image_sbq7ohqv852p5132n7m9t4m23q/4460720_11018_001_TE_OS_18_230_Li_Solo_Pic_RGB.png
4460730,https://d2c5rvsfjg2eub.cloudfront.net/asset/208244749100/image_445hbl2sap3h91rom932u4h84d/4460730_21012_001_TE_OS_18_113_3X_Li_Solo_Pic_RGB.png
4460731,https://d2c5rvsfjg2eub.cloudfront.net/asset/208244749100/image_mv68jphvu97r1a3ngot8l26e27/4460731_21012_001_TE_OS_18_113_Li_Solo_Pic_RGB.png
4260025,https://d2c5rvsfjg2eub.cloudfront.net/asset/208244749100/image_46uhioc3a14lteiiie71jq8d0t/4260025_21023_001_TC_SY_18_60_Li_Solo_Pic_RGB.png
4260040,https://d2c5rvsfjg2eub.cloudfront.net/asset/208244749100/image_7k1q2aasfl3cr4jb3h201gt10f/4260040_21013_001_TE_SY_18_90_Li_Solo_Pic_RGB.png
4514114,https://d2c5rvsfjg2eub.cloudfront.net/asset/208244749100/image_vu6r6lucn976p2giunm70rda1q/4514114_11018_001_TE_CL_18_2000_LiAC_Solo_Pic.jpg
4514115,https://d2c5rvsfjg2eub.cloudfront.net/asset/208244749100/image_nhcci3uidt0j93jrr7vs35470k/4514115_21024_001_NEW_TC_CL_18_1800_Li_Pic.jpg
4514130,https://d2c5rvsfjg2eub.cloudfront.net/asset/208244749100/image_p7cmq2uftl55ne29i8kkr3gv0k/4514195_21014_001.png
4514145,https://d2c5rvsfjg2eub.cloudfront.net/asset/208244749100/image_dhfn4gr15p6b11k9htgmf11c6s/4514145_11019_001_TE_CL_18_2500_LiAC_Solo_RAL3002_Pic.jpg
4514172,https://d2c5rvsfjg2eub.cloudfront.net/asset/208244749100/image_e1hnobuaep2tj76nqiipsm352b/4514172_21013_001_TP_CL_18_3000_Li_Set_Pic_RGB.png
4514175,https://d2c5rvsfjg2eub.cloudfront.net/asset/208244749100/image_01bd5s3lu93g36l32ohr5vti5r/4514175_21013_001_TC_CL_18_450_Li_Solo_Pic_RGB.png
4514170,https://d2c5rvsfjg2eub.cloudfront.net/asset/208244749100/image_0cmc7opjnp51p3gioc2l3si559/4514170_21012_001_TP_CL_18_3000_Li_Set_Solo_Pic_RGB.png
3408017,https://d2c5rvsfjg2eub.cloudfront.net/asset/208244749100/image_g0fsmvla514gbf4l0bn94fvb1o/3408017_21010_001_TC_CR_18_Li_BT_RAL3002_Pic.jpg
4514150,https://d2c5rvsfjg2eub.cloudfront.net/asset/208244749100/image_2bdmoe9ku91f1307i53vutq66f/4514150_11019_001_TC_SR_18_Li_Solo_RAL3002_Pic.jpg
4257785,https://d2c5rvsfjg2eub.cloudfront.net/asset/208244749100/image_7fu0phm4315t9av49p8kalc31q/4257785_21044_001.png
4522200,https://d2c5rvsfjg2eub.cloudfront.net/asset/208244749100/image_0n6d1ol28p6mr81eg68hh7pm5e/4522200_11018_001_TE_CG_18_Li_Solo_RAL3002_Pic.jpg
3408001,https://d2c5rvsfjg2eub.cloudfront.net/asset/208244749100/image_bb2mn634op2f718f5dln6k6d4e/3408001_11017_001_TE_CB_18_78_Li_Solo_RAL3002_Pic.jpg
4520500,https://d2c5rvsfjg2eub.cloudfront.net/asset/208244749100/image_tq5q7jrbp138f64puf3fv7c35f/4520500_11019_001_TE_HA_18_Li_Solo_RAL3002_Pic.jpg
4257790,https://d2c5rvsfjg2eub.cloudfront.net/asset/208244749100/image_fp1tkbv1eh1obcrtva1nbh374t/4257790_21010_001.png
4257795,https://d2c5rvsfjg2eub.cloudfront.net/asset/208244749100/image_6oc9ounor15k1che96cvm9n74q/4257795_21024_001_FIXETTO_18_50_N_RAL3002_pic_rgb.png
4522250,https://d2c5rvsfjg2eub.cloudfront.net/asset/208244749100/image_rpl1q4h5p90aj75vtqnb8se11i/4522250_21011_001_TE_SG_18_10_Li_Pic_RGB.png
4419360,https://d2c5rvsfjg2eub.cloudfront.net/asset/208244749100/image_iv5q55v2e55m30jqs3s5aphi08/4419360_21012_001_TE_MT_18_34_Li_Solo_Pic_RGB.png
4326551,-
4326552,-
4300893,https://d2c5rvsfjg2eub.cloudfront.net/asset/208244749100/image_lhf2eprba106h9h362au5dsg0d/4300893_21012_001_TE_MS_18_8_Li_Solo_Pic_RGB.png
4300880,https://d2c5rvsfjg2eub.cloudfront.net/asset/208244749100/image_3r8tspffe12ona6gntnb22o076/4300880_21032_001_TE_SM_36_210_Li_Solo_Pic_RGB.png
4300882,https://d2c5rvsfjg2eub.cloudfront.net/asset/208244749100/image_6b67gpesvp7mve4ikucn88c61r/4300882_21012_001_TE_SM_36_8_L_Li_Solo_Pic_RGB.png
4300885,https://d2c5rvsfjg2eub.cloudfront.net/asset/208244749100/image_rjlgr25q853dd5pmd0971v294d/4300885_21011_001_TE_SM_36_10_L_Li_Solo_Pic_RGB.png
4504215,https://d2c5rvsfjg2eub.cloudfront.net/asset/208244749100/image_b8nhtmgkrd63ve1fq9ta0utr42/4504215_21023_001_TE_MB_18_127_U_Li_Solo_Pic_RGB.png
4504216,https://d2c5rvsfjg2eub.cloudfront.net/asset/208244749100/image_nrlbe9kujp5k92u64sh2ltcm2k/4504216_21023_001_TE_MB_18_127_Li_Solo_Pic_RGB.png
4020430,https://d2c5rvsfjg2eub.cloudfront.net/asset/208244749100/image_ukkff7kbqd2dfdkj28qsvadc33/4020430_21011_001_PRESSITO_18_25_Hybrid_Pic_RGB.png
4020460,https://d2c5rvsfjg2eub.cloudfront.net/asset/208244749100/image_t4587k669d07lbopjcram6kt1i/4020460_11017_001.png
4020410,https://d2c5rvsfjg2eub.cloudfront.net/asset/208244749100/image_u9ucc9vjvt0kn66e3nqb0iff10/4020410_21013_001_TE_AC_18_75_Li_OF_Solo_Pic.jpg
4020420,https://d2c5rvsfjg2eub.cloudfront.net/asset/208244749100/image_4b04amdskh02995kv8pecd6h2g/4020420_21011_001_PRESSITO_18_25_Pic_RGB.png
4020467,https://d2c5rvsfjg2eub.cloudfront.net/asset/208244749100/image_jp0r1nkn3d2hr7dpdantarcs5h/4020467_21011_001.png
4020440,https://d2c5rvsfjg2eub.cloudfront.net/asset/208244749100/image_h3j1egebk525dd28gj02vm7v07/4020440_21010_001.png
4301190,https://d2c5rvsfjg2eub.cloudfront.net/asset/208244749100/image_d6j27altqd5qr355pt5u5ea83f/4301190_21010_001.png
4514120,https://d2c5rvsfjg2eub.cloudfront.net/asset/208244749100/image_05md3c9atl6gh0j1fu45v30f09/4514120_21021_001_TE_CP_18_LI_USB_Solo_RAL3002_Pic.jpg
4514160,https://d2c5rvsfjg2eub.cloudfront.net/asset/208244749100/image_pnugilga7l6qv0eaecmjvm367h/4514160_21011_001.png
4140130,https://d2c5rvsfjg2eub.cloudfront.net/asset/208244749100/image_o47hin3edd3e57ee12pktgsc29/4140130_21011_001_HYPRESSO_18_24_Li_Solo_Pic.jpg
4609990,https://d2c5rvsfjg2eub.cloudfront.net/asset/208244749100/image_rlc3v5jp9t5054ggkcfjcam84h/4609990_21023_001_TE_CF_18_Li_Solo_Pic.jpg
3437100,https://d2c5rvsfjg2eub.cloudfront.net/asset/208244749100/image_nslaikhcft23rehek2uv7fdj16/3437100_21023_001_BRILLIANTO_Pic.jpg
3437110,https://d2c5rvsfjg2eub.cloudfront.net/asset/208244749100/image_dntqkdkcml2tfcrkte9s403p6c/3437110_21012_001.png
2347180,https://d2c5rvsfjg2eub.cloudfront.net/asset/208244749100/image_ghrfbqhjkh6ovepogtc3dn893l/2347180_21010_001.png
4609991,https://d2c5rvsfjg2eub.cloudfront.net/asset/208244749100/image_1cdn68v0op37h6k66m5kg3vu18/4609991_21013_001_Kaffeetasse_TE_CF_18_Li_Pic_RGB.png
2351265,https://d2c5rvsfjg2eub.cloudfront.net/asset/208244749100/image_f1qf3bdpmh1f12q0tgq98g457n/2351265_21011_001_Ersatzbuerste_RAL3002_Pic.jpg
2351266,https://d2c5rvsfjg2eub.cloudfront.net/asset/208244749100/image_3ts2nita456bn8gbsu5gu79t0g/2351266_21011_001_waschbarer_Filter_E10_Pic.jpg
2351267,https://d2c5rvsfjg2eub.cloudfront.net/asset/208244749100/image_3ll9f6vvrp2e985cucrmt79c19/2351267_21011_001_Zubehoer_Set_Pic.jpg
3437101,https://d2c5rvsfjg2eub.cloudfront.net/asset/208244749100/image_p99jvqt5hp0qra481oa05ckd55/3437101_21012_001_Fensterreiniger_Teleskopstangenset_Pic.jpg
3437102,https://d2c5rvsfjg2eub.cloudfront.net/asset/208244749100/image_k9585m0jhh42feu29bv3uouf63/3437102_21012_001_Fensterreiniger_Duesenset_Pic.jpg
3437111,https://d2c5rvsfjg2eub.cloudfront.net/asset/208244749100/image_7aa6lk650d7afd55uqqar74210/3437111_21013_001_BuerstenwalzeCLEANEXXO_Pic_rgb.png
2352040,https://d2c5rvsfjg2eub.cloudfront.net/asset/208244749100/image_3kio23i95h1ht44n4366c9547l/2352040_11019_001.png
2347120,https://d2c5rvsfjg2eub.cloudfront.net/asset/208244749100/image_kpht7mjmi55cn01oohjjhbc533/2347120_21031_001_TE_VC_18_Li_Solo_Pic_RGB.png
2347190,https://d2c5rvsfjg2eub.cloudfront.net/asset/208244749100/image_mq4r4qco5973p7e5ae1plsqc0k/2347190_21011_001_TE_HV_18_06_Li_Solo_Pic_RGB.png
2347130,https://d2c5rvsfjg2eub.cloudfront.net/asset/208244749100/image_v1miflkbb136h1tp1rrefk734a/2347130_21044_001.jpg
2347140,https://d2c5rvsfjg2eub.cloudfront.net/asset/208244749100/image_24o9ciqnep505d21n3qpf8r54c/2347140_21034_001.png
2347143,https://d2c5rvsfjg2eub.cloudfront.net/asset/208244749100/image_4gu52ophkl3obc65of8fpdp71a/2347143_21024_001.png
2347145,https://d2c5rvsfjg2eub.cloudfront.net/asset/208244749100/image_7bbcjkmd413mlekaal6e69524m/2347145_21024_001.png
2347160,https://d2c5rvsfjg2eub.cloudfront.net/asset/208244749100/image_0i1eatbg3l2858h3hbpjv5eu1p/2347160_21024_001.png
2347170,https://d2c5rvsfjg2eub.cloudfront.net/asset/208244749100/image_our9c5salp2d34r2he5iqpn350/2347170_21024_001.png
2351700,https://d2c5rvsfjg2eub.cloudfront.net/asset/208244749100/image_k2g8rpk2st72bbo6a167cn7n3e/2351700_21034_001.png
4512064,https://d2c5rvsfjg2eub.cloudfront.net/asset/208244749100/image_q9h56es6q90nr6k5f75okcip5j/4512064_21021_001_PowerXBoostcharger_6A_Pic_RGB.png
4512069,https://d2c5rvsfjg2eub.cloudfront.net/asset/208244749100/image_6uipl8vnqd73pfjob92pvjac7s/4512069_21020_001_Power_X_Twincharger_3A_Pic_RGB.png
4512102,https://d2c5rvsfjg2eub.cloudfront.net/asset/208244749100/image_nbhtn49gst0vv6alkfg0h0br6t/4512102_11019_001_PXC_Quattrocharger_4A_RAL3002_Pic.jpg
4512103,https://d2c5rvsfjg2eub.cloudfront.net/asset/208244749100/image_44tbhkrjnl4ir0tuk4ct9g2e51/4512103_11019_001_PXC_Charger_4A_RAL3002.pic.jpg
4512113,https://d2c5rvsfjg2eub.cloudfront.net/asset/208244749100/image_47qh7d619d46v4dt5bdprsmv7a/4512113_21010_001_PXC_Car_Charger_3A_RAL3002_Pic.jpg
4512155,https://d2c5rvsfjg2eub.cloudfront.net/asset/208244749100/image_6j8lpp8gvl0jp35eiotbgo3e0j/4512155_21012_001_PXC_Boostcharger_8A_Pic_RGB.png
4511395,https://d2c5rvsfjg2eub.cloudfront.net/asset/208244749100/image_jfobev2n6h703dq25kaj06132p/4511395_21054_001_PXC_Akku_18V_2Ah_Pic.jpg
4511396,https://d2c5rvsfjg2eub.cloudfront.net/asset/208244749100/image_fa4bddhd5161f6te5m670oe35h/4511396_21054_001_PXC_Akku_18V_4Ah_Pic.jpg
4511437,https://d2c5rvsfjg2eub.cloudfront.net/asset/208244749100/image_1qk1oeojo54835enuqvnce7p7l/4511437_21042_001_PXC_Plus_18V_Akku_5_2Ah_Pic_RGB.png
4511501,https://d2c5rvsfjg2eub.cloudfront.net/asset/208244749100/image_eqkppki7ph4b392t0fbgnelu3k/4511501_21053_001_NEW_PXC_Plus_Akku_3_0Ah_Pic.jpg
4511502,https://d2c5rvsfjg2eub.cloudfront.net/asset/208244749100/image_4g83noelal7v30bdu2uv8b970h/4511502_21044_001.jpg
4511553,https://d2c5rvsfjg2eub.cloudfront.net/asset/208244749100/image_s3h1sqsm5l25h6mvc8brt7un09/4511553_21033_001_NEW_PXC_Plus_Akku_4_0Ah_Pic.jpg
4511600,https://d2c5rvsfjg2eub.cloudfront.net/asset/208244749100/image_aqevqfvglp7ip32a13u7fqj562/4511600_21022_002_PXC_Plus_MultiAh_5_8Ah_Pic_RGB.png
4511618,https://d2c5rvsfjg2eub.cloudfront.net/asset/208244749100/image_3f8snlspbh4b5df96bqm512s3a/4511618_21054_001.png
4511627,https://d2c5rvsfjg2eub.cloudfront.net/asset/208244749100/image_h5aij0u2113u7614ei7fs2v07i/4511627_21034_001.png
4140151,https://d2c5rvsfjg2eub.cloudfront.net/asset/208244749100/image_cgfqh4h46l1jh9mbtnkb5e8112/4140151_21012_001_PXC_Battery_Protector_Pic.jpg
4514155,https://d2c5rvsfjg2eub.cloudfront.net/asset/208244749100/image_pbi47gjvfh4vb9hbvf6oktbk5o/4514155_21010_001_PXC_Battery_Mounting_Gadget_Pic.jpg
4511526,https://d2c5rvsfjg2eub.cloudfront.net/asset/208244749100/image_pgosapbkmt66l86dqg8aqr8i78/4511526_21010_002_PXC_Twinpack_5_2Ah_Pic_RGB.png
4511629,https://d2c5rvsfjg2eub.cloudfront.net/asset/208244749100/image_d5iek293b964vcgr2i3rah0g4u/4511629_21013_002_PXC_Twinpack_4Ah_Plus_Pic_rgb.png
4511631,https://d2c5rvsfjg2eub.cloudfront.net/asset/208244749100/image_1hfpvs9vpt0f7aabi3s24pvi47/4511631_21013_002_PXC_Twinpack_3Ah_Plus_Pic_rgb.png
4257935,https://d2c5rvsfjg2eub.cloudfront.net/asset/208244749100/image_a2930kgofd09pcb7tgg7qmqi27/4257935_21010_001_TE_RH_40_3F_Pic.jpg
4257940,https://d2c5rvsfjg2eub.cloudfront.net/asset/208244749100/image_g7cnm51pi92fpbm6kvmn9h2b77/4257940_21043_001_TE_RH_32_E_EX_AUS_Pic.jpg
4257944,https://d2c5rvsfjg2eub.cloudfront.net/asset/208244749100/image_ibj8d8iln56k34nono9k3vgn2a/4257944_21033_001_TE_RH_32_4F_Pic_rgb.png
4257959,https://d2c5rvsfjg2eub.cloudfront.net/asset/208244749100/image_2hcarsnes55nn04i2vsr22ic63/4257959_21011_001_TE_RH_38_E_RAL3002_Pic.jpg
4257978,https://d2c5rvsfjg2eub.cloudfront.net/asset/208244749100/image_ncj9qgp5c91ibengtnclco2a2q/4257978_21023_001_TE_RH_950_5F_Pic_RGB.png
4257980,https://d2c5rvsfjg2eub.cloudfront.net/asset/208244749100/image_5sb28b4mkd1in1l5psojhotp3j/4257980_21033_001_TC_RH_800_4F_Pic_RGB.png
4258002,https://d2c5rvsfjg2eub.cloudfront.net/asset/208244749100/image_qk8368a9it6075oj6ban99ac0m/4258002_21023_001_TC_RH_28_3F_Pic_RGB.png
4139087,https://d2c5rvsfjg2eub.cloudfront.net/asset/208244749100/image_b78d7fmjcd4fffct0l1umgk605/4139087_11018_001_TC_DH_43_RAL3002_Pic.jpg
4139099,https://d2c5rvsfjg2eub.cloudfront.net/asset/208244749100/image_pfrvpmop0h7u92sd90kv3jnm3i/4139099_21024_001_TE_DH_32_Pic_rgb.png
4139100,https://d2c5rvsfjg2eub.cloudfront.net/asset/208244749100/image_o2csjbfcvh1mtfabsg0n93k347/4139100_11028_001_TE_DH_12_RAL3002_Pic.jpg
4139130,https://d2c5rvsfjg2eub.cloudfront.net/asset/208244749100/image_m6bh86tfn53qr8qv46qgoujq58/4139130_21021_001_TP_DH_50_Pic.jpg
4139135,https://d2c5rvsfjg2eub.cloudfront.net/asset/208244749100/image_eg8slf1svl5p793a2155d0o07v/4139135_21010_001_TE_DH_5_RAL3002_Pic.jpg
4258682,https://d2c5rvsfjg2eub.cloudfront.net/asset/208244749100/image_mtlmkj121h72v4bp3bkq7c9l16/4258682_11014_001_TC_ID_650_E_Pic.jpg
4259610,https://d2c5rvsfjg2eub.cloudfront.net/asset/208244749100/image_eka82spr890fd9mj1pa7kq366h/4259610_21031_001_TE_ID_500_E_RAL3002_Pic.jpg
4259735,https://d2c5rvsfjg2eub.cloudfront.net/asset/208244749100/image_g93qtk32j55t92lcfiub1h8h2m/4259735_21061_001_TE_ID_650E_RAL3002_Pic.jpg
4259825,https://d2c5rvsfjg2eub.cloudfront.net/asset/208244749100/image_kp911ainsp65r47jnrfb1dvm45/4259825_11035_001_TC_ID_1000_E_RAL3002_Pic.jpg
4259844,https://d2c5rvsfjg2eub.cloudfront.net/asset/208244749100/image_8vi4jrqil935dfdo6gm1jgi65k/4259844_11018_001_TC_ID_1000_E_Kit_RAL3002.jpg
4258545,https://d2c5rvsfjg2eub.cloudfront.net/asset/208244749100/image_ge8se8s2vp2r78rvoamjiqbi3g/4258545_21020_001_TC_MX_1200_RAL3002_Pic.jpg
4258550,https://d2c5rvsfjg2eub.cloudfront.net/asset/208244749100/image_5rsb7bhar90jl7brfadjcbur32/4258550_21020_001_TE_MX_1400_2_E_RAL3002_Pic.jpg
4258555,https://d2c5rvsfjg2eub.cloudfront.net/asset/208244749100/image_7lf5lf2ne92gvc5rom0ssi3b2p/4258555_21020_001_TE_MX_1600_2_CE_RAL3002_Pic.jpg
4258561,https://d2c5rvsfjg2eub.cloudfront.net/asset/208244749100/image_ogg0bu4g0t4klftve8jtt10f5m/4258561_21020_001_TE_MX_1600_Twin_RAL3002_Pic.jpg
4430618,https://d2c5rvsfjg2eub.cloudfront.net/asset/208244749100/image_eff6drffep7f5c1q6m7ve3506o/4430618_11025_001_TC_AG_115_RAL3002_Pic.jpg
4430619,https://d2c5rvsfjg2eub.cloudfront.net/asset/208244749100/image_od8jgi57od0td6rs1de8nd9c7s/4430619_11039_001_TC_AG_125_RAL3002_Pic.jpg
4430840,https://d2c5rvsfjg2eub.cloudfront.net/asset/208244749100/image_gi92i6sp792hbdc1t4sol8ts4r/4430840_21034_001_TE_AG_230_2000_Pic_rgb.png
4430850,https://d2c5rvsfjg2eub.cloudfront.net/asset/208244749100/image_agjl2gno5h6lf30mq168e3vk6d/4430850_21074_001_TE_AG_115_Pic.jpg
4430860,https://d2c5rvsfjg2eub.cloudfront.net/asset/208244749100/image_cc5iecftgl0rt8pflvo9pdh36g/4430860_21074_001_TE_AG_125_CE_Pic.jpg
4430870,https://d2c5rvsfjg2eub.cloudfront.net/asset/208244749100/image_pmfjci8c4h55f6uebhkd1ub96t/4430870_21044_001_TE_AG_230_Pic.jpg
4430880,https://d2c5rvsfjg2eub.cloudfront.net/asset/208244749100/image_ipc8e0d67d2afa39428n5dql4q/4430880_21074_001_TE_125_750_Pic_RGB.png
4430885,https://d2c5rvsfjg2eub.cloudfront.net/asset/208244749100/image_j7bt2ekjv95099j5s4u88qif3o/4430885_21064_001_TE_125_750_Kit_Pic_RGB.png
4430890,https://d2c5rvsfjg2eub.cloudfront.net/asset/208244749100/image_c7fsjeg2rp4832pvoaeqomkn4r/4430890_21034_001_TE_AG_125_1010_CE_Pic_rgb.png
4430960,https://d2c5rvsfjg2eub.cloudfront.net/asset/208244749100/image_gf474ii7ol7p5arukhbl9avo27/4430960_21053_001_TC_AG_115_750_Pic.jpg
4431044,https://d2c5rvsfjg2eub.cloudfront.net/asset/208244749100/image_on0kga4lgl3k71qano1badit3n/4431044_11017_001_TS_115_125_Pic.jpg
4431051,https://d2c5rvsfjg2eub.cloudfront.net/asset/208244749100/image_juq78r12jd43harhiuskkprd7i/4431051_11017_001_TS_230_1_Pic.jpg
4465185,https://d2c5rvsfjg2eub.cloudfront.net/asset/208244749100/image_72avq7jbld4b790ktlfhdqgt55/4465185_21011_001_TC_MG_250_CE_RAL3002_Pic.jpg
4513590,https://d2c5rvsfjg2eub.cloudfront.net/asset/208244749100/image_lbqg55i67l4k7a1dcqi29edu10/4513590_21031_001_TE_CD_12_1_Li_1x2Ah_RAL3002_Pic.jpg
4513592,https://d2c5rvsfjg2eub.cloudfront.net/asset/208244749100/image_l7cetvgaq12hferibs90v4k03g/4513592_21031_001_TE_CD_12_1_X_Li_1x2Ah_RAL3002_Pic.jpg
4513594,https://d2c5rvsfjg2eub.cloudfront.net/asset/208244749100/image_8476d60dud3o730181t87tte59/4513594_21031_001_TE_CD_12_1_Li_2x2Ah_RAL3002_Pic.jpg
4513660,https://d2c5rvsfjg2eub.cloudfront.net/asset/208244749100/image_relp2376b918f1rdc5utc2v87o/4513660_11012_001_TH_CD_12_2_Li_RAL3002_Pic.jpg
4513820,"https://d2c5rvsfjg2eub.cloudfront.net/asset/208244749100/image_qp5re1gja9205c90tf6st0pg6o/4513820_11029_001_TC_CD_18_2_Li_2x1,5Ah_RAL3002_Pic.jpg"
4513846,"https://d2c5rvsfjg2eub.cloudfront.net/asset/208244749100/image_pucjul3m3l2ar5vpahne51i34l/4513846_11016_001_TC_ CD_18_2_Li_1,5Ah_RAL3002_Pic.jpg"
4514250,https://d2c5rvsfjg2eub.cloudfront.net/asset/208244749100/image_seo43thdrt3cb9tp9idcdmp83a/4514250_21011_001_TC_CD_12_2_Li_22_Pic.jpg
4513598,https://d2c5rvsfjg2eub.cloudfront.net/asset/208244749100/image_05i75bdt8h42r43neohhsjov76/4513598_21011_001_TE_CD_12_1_Li+22+CL_Pic.jpg
4513890,https://d2c5rvsfjg2eub.cloudfront.net/asset/208244749100/image_bgov1ildjl3htboupf86u8ud2e/4513890_21031_001_TE_CD_12_1_Li_i_2x2Ah_RAL3002_Pic.jpg
4513442,https://d2c5rvsfjg2eub.cloudfront.net/asset/208244749100/image_mloj5ko55t6jhb6f35bm12g97j/4513442_11029_001_TC_SD_3_6_Li_Pic_RGB.png
4513495,"https://d2c5rvsfjg2eub.cloudfront.net/asset/208244749100/image_u21emn77qp1657hlbcf6fsu57v/4513495_11039_001_TE_SD_3,6_Li_RAL3002_Pic.jpg"
4513501,https://d2c5rvsfjg2eub.cloudfront.net/asset/208244749100/image_m0usjtabe54h949vgprgg1vh4q/4513501_21023_001_TE_SD_3_6_1_Li_Pic_rgb.png
4259905,https://d2c5rvsfjg2eub.cloudfront.net/asset/208244749100/image_e5njqdf57t7nbbv3a18vd2pt14/4259905_11012_001_TC_DY_500_E_RAL3002_Pic.jpg
4259925,https://d2c5rvsfjg2eub.cloudfront.net/asset/208244749100/image_ois13eg57d75f0tcljpk66f54o/4259925_21011_001_TC_DY_710_E_RAL3002_Pic.jpg
4259955,https://d2c5rvsfjg2eub.cloudfront.net/asset/208244749100/image_jm9e0b5kr571lf0c7uhtttr03n/4259955_21012_001_Magazine_Attachment_Pic.jpg
4261000,https://d2c5rvsfjg2eub.cloudfront.net/asset/208244749100/image_emm7hbddm52p15n3jaqvp56j2o/4261000_21024_001_Schraubengurt_fein_25mm_Pic.jpg
4261001,https://d2c5rvsfjg2eub.cloudfront.net/asset/208244749100/image_l0uotdnp9t7bv5cc13mponni4d/4261001_21024_001_Schraubengurt_fein_35mm_Pic.jpg
4261002,https://d2c5rvsfjg2eub.cloudfront.net/asset/208244749100/image_61vo12jg9t05h8rcvr63bka700/4261002_21024_001_Schraubengurt_grob_35mm_Pic.jpg
4261003,https://d2c5rvsfjg2eub.cloudfront.net/asset/208244749100/image_lm44ld8e893b3fp2dikiita42m/4261003_21024_001_Schraubengurt_Bohrsp_35mm_Pic.jpg
4261004,https://d2c5rvsfjg2eub.cloudfront.net/asset/208244749100/image_tocpigi28h78r16ofpoa87rp6g/4261004_21024_001_Schraubengurt_grob_45mm_Pic.jpg
4350620,https://d2c5rvsfjg2eub.cloudfront.net/asset/208244749100/image_8qn5kcc4gp7vpc1sirtr8irm2f/4350620_21021_001_TC_BJ_900_RAL3002_Pic.jpg
4350640,https://d2c5rvsfjg2eub.cloudfront.net/asset/208244749100/image_i7lt1nbh8l0gn50e0bajqose5c/4350640_21012_001_TE_BJ_900_Pic_rgb.png
4350730,https://d2c5rvsfjg2eub.cloudfront.net/asset/208244749100/image_efqbpslh0l41fdhf0cvn99vg2h/4350730_21062_001_TC_MA_1300_RAL3002_Pic.jpg
4350735,https://d2c5rvsfjg2eub.cloudfront.net/asset/208244749100/image_3uf98lb0ep4jj7b0fb00jqdr3q/4350735_21010_001_TE_MA_1500_RAL3002_Pic.jpg
4350740,https://d2c5rvsfjg2eub.cloudfront.net/asset/208244749100/image_6bgeaimhv13rn5crgfucm2rm57/4350740_21024_001_TE_MA_1700_RAL3002_Pic.jpg
4350470,https://d2c5rvsfjg2eub.cloudfront.net/asset/208244749100/image_ena2u6o5nl2e7a77r1jrrefg7b/4350470_11025_001_TC_RO_1155_Pic_RGB.png
4350490,https://d2c5rvsfjg2eub.cloudfront.net/asset/208244749100/image_r139h8tt7d3l7ao36i46e7sm3v/4350490_11045_001_TE_RO_1255_E_Pic_RGB.png
4350736,https://d2c5rvsfjg2eub.cloudfront.net/asset/208244749100/image_e5bcsiq6r91m33fc13l0ov280f/4350736_21012_001_Dia_Trennscheibe_125mm_Pic.jpg
4350741,https://d2c5rvsfjg2eub.cloudfront.net/asset/208244749100/image_ukihmuj7791mdc3mge2iimte1e/4350741_21012_001_Dia_Trennscheibe_150mm_Pic.jpg
4345310,https://d2c5rvsfjg2eub.cloudfront.net/asset/208244749100/image_290ucinofh267deu07tde1oa4j/4345310_21023_001_TC_PL_750_Pic_rgb.png
4345320,https://d2c5rvsfjg2eub.cloudfront.net/asset/208244749100/image_jn402dsqj170364itqsgq6u551/4345320_21021_001_TE_PL_900_RAL3002_Pic.jpg
4345325,https://d2c5rvsfjg2eub.cloudfront.net/asset/208244749100/image_pre1kk1c093pt2gp23cqtekm7i/4345325_21013_001_TE_PL_920_Pic_RGB.png
4331005,https://d2c5rvsfjg2eub.cloudfront.net/asset/208244749100/image_90oggc5k751fjeb7klsn3rvp52/4331005_11018_001_TE_CS_190_1_Pic_RGB.png
4331010,https://d2c5rvsfjg2eub.cloudfront.net/asset/208244749100/image_r21mqtkj0949f0sah8joc0r26q/4331010_11013_001_TE_CS_165_RAL3002_Pic.jpg
4331050,https://d2c5rvsfjg2eub.cloudfront.net/asset/208244749100/image_qhhbm476kl5nr3mpskh7gi5j4j/4331050_11019_001_TC_CS_1410_RAL3002_Pic.jpg
4331030,https://d2c5rvsfjg2eub.cloudfront.net/asset/208244749100/image_vk9abhsmkd2ate64qn4pg2sf1q/4331030_11019_001_TC_CS_89_RAL3002_Pic.jpg
4331300,https://d2c5rvsfjg2eub.cloudfront.net/asset/208244749100/image_cog330hobh4mbcf2bbbjs8oi7m/4331300_11017_001_TE_PS_165_Pant_Pic.jpg
4502118,https://d2c5rvsfjg2eub.cloudfront.net/asset/208244749100/image_c2mnth7ubd2hdcq11kn158k95k/4502118_11017_001_Fuehrungsschiene_Alu_2x1000mm_Pic.jpg
4321140,https://d2c5rvsfjg2eub.cloudfront.net/asset/208244749100/image_hjcv25kegt0rl6cbheg94cdj1o/4321140_21042_001_TC_JS_85_Pic_RGB.png
4321145,https://d2c5rvsfjg2eub.cloudfront.net/asset/208244749100/image_6jemtv3d9d6nt2cvisc443ai0f/4321145_21022_001.jpg
4321160,https://d2c5rvsfjg2eub.cloudfront.net/asset/208244749100/image_tsaemfb4ip3chf1qut7u7tqp66/4321160_11011_001_TE_JS_100_RAL3002_Pic.jpg
4321165,https://d2c5rvsfjg2eub.cloudfront.net/asset/208244749100/image_oqqleciugd6o3bfthhiol1vf5g/4321165_21013_001_TC_JS_90_Pic.jpg
4326180,https://d2c5rvsfjg2eub.cloudfront.net/asset/208244749100/image_gsaaki5di56hjarc71il6r3725/4326180_21023_001_TE_AP_950_E_RAL3002_Pic_rgb.png
4464235,https://d2c5rvsfjg2eub.cloudfront.net/asset/208244749100/image_63lttqnfmh62l6qdjt3sfiap7p/4464235_21031_001_TC_DS_19_RAL3002_Pic.jpg
4464255,https://d2c5rvsfjg2eub.cloudfront.net/asset/208244749100/image_4ib5ektvjt79t0pvhr2a99au5r/4464255_21012_001_TC_DS_20_E_Pic.jpg
4460560,https://d2c5rvsfjg2eub.cloudfront.net/asset/208244749100/image_s58p5m04kp5e58nvpj6om7337f/4460560_21053_001_TE_OS_1320_Pic_rgb.png
4460610,https://d2c5rvsfjg2eub.cloudfront.net/asset/208244749100/image_csflocp3ct6ltejiiahprqeb7o/4460610_11012_001_TH_OS_1016_RAL3002_Pic.jpg
4466230,https://d2c5rvsfjg2eub.cloudfront.net/asset/208244749100/image_mtq2q8mvjd6eh6g0i04phvm90t/4466230_21071_001_TE_BS_8540_E_Pic.jpg
4466245,https://d2c5rvsfjg2eub.cloudfront.net/asset/208244749100/image_fds5djp41t7nlabo4637thrh4l/4466245_21012_001_TE_BS_850_Pic_rgb.png
4466260,https://d2c5rvsfjg2eub.cloudfront.net/asset/208244749100/image_39bh6elprd7d1eqdufen19lg36/4466260_11029_001_TC_BS_8038_RAL3002_Pic.jpg
4462000,https://d2c5rvsfjg2eub.cloudfront.net/asset/208244749100/image_ehmeelbs1p7dj6vdhdqs7s6r1o/4462000_21021_001_TE_RS_40_E_RAL3002_Pic.jpg
4462005,https://d2c5rvsfjg2eub.cloudfront.net/asset/208244749100/image_kp4n7j2n6t5gle0d2nnobft27h/4462005_21011_001_TC_RS_425_E_RAL3002_Pic.jpg
4259930,https://d2c5rvsfjg2eub.cloudfront.net/asset/208244749100/image_cbpinv22ot1qdfibgk53e9ia2c/4259930_11026_001_TC_DW_225_RAL3002_Pic.jpg
4259945,https://d2c5rvsfjg2eub.cloudfront.net/asset/208244749100/image_io650p2n156gbb3odk4sloch1c/4259945_21012_001_TC_DWS_225_Pic_RGB.png
4259960,https://d2c5rvsfjg2eub.cloudfront.net/asset/208244749100/image_4o6jbuun1p7lvaaoq5tgjrje3p/4259960_11017_001_TE_DW_225_X_Pant_Pic.jpg
4259940,https://d2c5rvsfjg2eub.cloudfront.net/asset/208244749100/image_tuuj1jlf4t7bp5jq71d79oth1k/4259940_11017_001_TE_DW_180_RAL3002_Pic.jpg
4460620,https://d2c5rvsfjg2eub.cloudfront.net/asset/208244749100/image_r1mgv9b70l5b90lq8ia9jasb1a/4460620_21021_001_TE_OS_2520_E_RAL3002_Pic.jpg
4460640,https://d2c5rvsfjg2eub.cloudfront.net/asset/208244749100/image_rog6n0hlqp3v364o7ev34phv6b/4460640_21052_001_TC_OS_1520_RAL3002_Pic.jpg
4419816,https://d2c5rvsfjg2eub.cloudfront.net/asset/208244749100/image_rsoi3gf0295bnbm0gg1de9t818/4419816_21012_001_Schleifbandset_9_35tlg_Pic.jpg
4419817,https://d2c5rvsfjg2eub.cloudfront.net/asset/208244749100/image_u7auge460t6jb4rvmqdq5gti75/4419817_21012_001_Schleifbandset_13_35tlg_Pic.jpg
4260005,https://d2c5rvsfjg2eub.cloudfront.net/asset/208244749100/image_36n5c09op50urabai7urahs842/4260005_11015_001_TC_SY_400_P_RAL3002_Pic.jpg
4260010,https://d2c5rvsfjg2eub.cloudfront.net/asset/208244749100/image_mpm1eru4td1fp1pjelih6om237/4260010_11015_001_TC_SY_500_P_RAL3002_Pic.jpg
4260015,https://d2c5rvsfjg2eub.cloudfront.net/asset/208244749100/image_ce0vvbkh8h54f7vtds94tig85s/4260015_11016_001_TC_SY_600_S_RAL3002_Pic.jpg
4260020,https://d2c5rvsfjg2eub.cloudfront.net/asset/208244749100/image_leh43ak04p2ph87rskiq5ii13i/4260020_11016_001_TC_SY_700_S_RAL3002_Pic.jpg
4260001,https://d2c5rvsfjg2eub.cloudfront.net/asset/208244749100/image_62nuco3qv128jem4aheg37cf79/4260001_11016_001_Farbbehaelter_800ml_Pic.jpg
4260002,https://d2c5rvsfjg2eub.cloudfront.net/asset/208244749100/image_417hc7qci92dvchv24lfqqdm1c/4260002_11016_001_Farbbehaelter_1000ml_Pic.jpg
4260003,https://d2c5rvsfjg2eub.cloudfront.net/asset/208244749100/image_2ncq4mulc55dn96t9ptfngk965/4260003_11016_001_Farbspruehaufsatz_800ml_RAL3002_Pic.jpg
2270105,https://d2c5rvsfjg2eub.cloudfront.net/asset/208244749100/image_7g81jud5dp1jr0trrk3mirjd4b/2270105_21022_001_TC_LL_2_RAL3002_Pic.jpg
2270110,https://d2c5rvsfjg2eub.cloudfront.net/asset/208244749100/image_tukcndb8f93m10urj4c2bi934c/2270110_11016_001_TE_LL_360_RAL3002_Pic.jpg
2270095,https://d2c5rvsfjg2eub.cloudfront.net/asset/208244749100/image_kgrb346dn53iv3gci0covgu47q/2270095_11039_001_TC_LL_1_RAL3002_Pic.jpg
2270075,https://d2c5rvsfjg2eub.cloudfront.net/asset/208244749100/image_rstthg7tp57u1dafl4vtf53b7j/2270075_21022_001_TC_LD_25_RAL3002_Pic.jpg
2270080,https://d2c5rvsfjg2eub.cloudfront.net/asset/208244749100/image_v1rlqf4bdp6ebei68300hq6h6p/2270080_21022_001_TC_LD_50_RAL3002_Pic.jpg
2270090,https://d2c5rvsfjg2eub.cloudfront.net/asset/208244749100/image_8h8bcckgid38h94qhvbjejrg3c/2270090_11016_001_TC_MD_50_RAL3002_Pic.jpg
2270115,https://d2c5rvsfjg2eub.cloudfront.net/asset/208244749100/image_0bqjr29red08l9p31jufupo22h/2270115_21024_001_Tripod_37_110cm_Pic.jpg
2270116,https://d2c5rvsfjg2eub.cloudfront.net/asset/208244749100/image_gtus0dqppp0at12e932lmmpe47/2270116_21013_001_Tripod_110-170cm_Pic_RGB.png
4520179,https://d2c5rvsfjg2eub.cloudfront.net/asset/208244749100/image_t6p3um77v14797c98p76bevr54/4520179_21041_001_TH_HA_2000_1_RAL3002_Pic.jpg
4520184,https://d2c5rvsfjg2eub.cloudfront.net/asset/208244749100/image_jv9nqgk9716j95081dlbl8m93r/4520184_21034_001_NEW_TH_HA_2000_1_Pic.jpg
4520195,https://d2c5rvsfjg2eub.cloudfront.net/asset/208244749100/image_32ocl5smad6m59jq5b9qup745t/4520195_21021_001_TE_HA_2000_E_Pic.jpg
4257890,https://d2c5rvsfjg2eub.cloudfront.net/asset/208244749100/image_v94v4203397rhbuc58madoeu2j/4257890_11016_001_TC_EN_20_E_RAL3002_Pic.jpg
4522170,https://d2c5rvsfjg2eub.cloudfront.net/asset/208244749100/image_t36g5s021d06t64ul9e8i8d111/4522170_11016_001_TC_GG_30_RAL3002_Pic.jpg
4137874,https://d2c5rvsfjg2eub.cloudfront.net/asset/208244749100/image_9i098l5d7p0dv33j66gf1so36n/4137874_21022_001_Naegel_32_3000_Pic.jpg
4137875,https://d2c5rvsfjg2eub.cloudfront.net/asset/208244749100/image_or2i5hbvj12ud2oq6foaivf454/4137875_21022_001_Klammer_19_3000_Pic.jpg
4257880,"https://d2c5rvsfjg2eub.cloudfront.net/asset/208244749100/image_s9avin82a17sff4oigp85rd14f/4257880_21031_001_TC_CT_3,6_Li_RAL3002_Pic.jpg"
4522190,"https://d2c5rvsfjg2eub.cloudfront.net/asset/208244749100/image_vtqnu4iqet4lj1v83q3ba1fs4c/4522190_11029_001_TC_CG_3,6_1_Li_RAL3002_Pic.jpg"
4419330,"https://d2c5rvsfjg2eub.cloudfront.net/asset/208244749100/image_bjs6me1h8h5nhaeo07ntf0ob57/4419330_11018_001_TE_MT_7,2_Li_RAL3002_pic.jpg"
4530037,https://d2c5rvsfjg2eub.cloudfront.net/asset/208244749100/image_u1tfabbdvt38l6765g7c9fhv40/4530037_11018_001_Einhell_Bag_45_22_RAL3002_Pic.jpg
4530074,https://d2c5rvsfjg2eub.cloudfront.net/asset/208244749100/image_aplrtintd92tt5e6d52s7pe50e/4530074_21011_001_Einhell_Bag_45_29_RAL3002_Pic.jpg
4530078,https://d2c5rvsfjg2eub.cloudfront.net/asset/208244749100/image_rl66ulh2ud6t73r0npa8uuk37o/4530078_21013_001_Einhell_Bag_56_29_Pic_rgb.png
4530045,https://d2c5rvsfjg2eub.cloudfront.net/asset/208244749100/image_4u4ir176e55bt69ipjfe4bdv73/4530045_11017_001_E_Box_S35_RAL3002_Pic.jpg
4530049,https://d2c5rvsfjg2eub.cloudfront.net/asset/208244749100/image_1poj9vie494fbfal6ridhs0s7k/4530049_11017_001_E_Box_M55_RAL3002_Pic.jpg
4530054,https://d2c5rvsfjg2eub.cloudfront.net/asset/208244749100/image_18p53n25p10iv4924aditvrd00/4530054_11018_001_E_Box_L70_35_RAL3002_Pic.jpg
4540040,https://d2c5rvsfjg2eub.cloudfront.net/asset/208244749100/image_egimd6fcnp6hp41v4tnd457l37/4540040_21012_001_Koffer_DL_Werkzeuge_RAL3002_Pic.jpg
4540011,https://d2c5rvsfjg2eub.cloudfront.net/asset/208244749100/image_6scug48bk112p10geqiv2og95b/4540011_21034_001_E_Case_System_Box_Foam_Pic.jpg
4540012,https://d2c5rvsfjg2eub.cloudfront.net/asset/208244749100/image_qngfsc2om52cf0q84o1lk8244f/4540012_21010_001_E_Case_Divider_Set_small_Pic.jpg
4540013,https://d2c5rvsfjg2eub.cloudfront.net/asset/208244749100/image_l4nmm2j78d1256g6h0os8je926/4540013_21021_001_Rasterschaumstoff_Pic.jpg
4540014,https://d2c5rvsfjg2eub.cloudfront.net/asset/208244749100/image_uofrsvqqjh79f6ghp6flsvv93r/4540014_21011_001_E_Case_L_with_wheels_RAL3002_Pic.jpg
4540015,https://d2c5rvsfjg2eub.cloudfront.net/asset/208244749100/image_51453l0usd0r9co219s93tc74h/4540015_21024_001_E_Case_Tower_Pic.jpg
4540019,https://d2c5rvsfjg2eub.cloudfront.net/asset/208244749100/image_7161urjod571h32fc2p5k8j24d/4540019_21023_001.jpg
4540020,https://d2c5rvsfjg2eub.cloudfront.net/asset/208244749100/image_f15o2uh0pd145fp39h571ac616/4540020_21023_001_E_Case_System_Box_Foam_Pic.jpg
4540021,https://d2c5rvsfjg2eub.cloudfront.net/asset/208244749100/image_oa7lqqdsq955b7gg50gqkos96e/4540021_21024_001_E_Case_M_Pic.jpg
4540031,https://d2c5rvsfjg2eub.cloudfront.net/asset/208244749100/image_4qvvf1pivl2pre8v4td8fu3i2v/4540031_21012_001.jpg
4300295,https://d2c5rvsfjg2eub.cloudfront.net/asset/208244749100/image_bhet58025p2qf0k5smanhoh32f/4300295_21052_001_TC_MS_2112_Pic_rgb.png
4300370,https://d2c5rvsfjg2eub.cloudfront.net/asset/208244749100/image_ifj40rgbq95sv6jhse859s7g63/4300370_21022_001_TC_MS_216_Pic_RGB.png
4300850,https://d2c5rvsfjg2eub.cloudfront.net/asset/208244749100/image_v77nh31cl95jffbtmu1c1atg0n/4300850_21042_001_TC_MS_2513_L_Pic_rgb.png
4300335,https://d2c5rvsfjg2eub.cloudfront.net/asset/208244749100/image_alasb5a32h6np372bdinh9m25u/4300335_21012_001_TE_MS_216_T_Pic_rgb.png
4300341,https://d2c5rvsfjg2eub.cloudfront.net/asset/208244749100/image_l9mneeig4p7ud6voanm8914n7n/4300341_21012_001_TE_MS_254_T_Pic_rgb.png
4300347,https://d2c5rvsfjg2eub.cloudfront.net/asset/208244749100/image_uaefd3ng6h1s12ibcg6ke6hc51/4300347_11015_001_TC_MS_3017_T_Pic.jpg
4300380,https://d2c5rvsfjg2eub.cloudfront.net/asset/208244749100/image_hjj8hk0n7t6fhafb88v223dl7d/4300380_21022_001_TC_SM_216_Pic.jpg
4300385,https://d2c5rvsfjg2eub.cloudfront.net/asset/208244749100/image_lgmn75fqr51bn7flt59mepua4k/4300385_21022_001_TC_SM_254_Pic_rgb.png
4300395,https://d2c5rvsfjg2eub.cloudfront.net/asset/208244749100/image_p3pdksqcnd7ajc13seamqdhc5r/4300395_21022_001_TC_SM_2534_1_Dual_Pic_rgb.png
4300805,https://d2c5rvsfjg2eub.cloudfront.net/asset/208244749100/image_fqntptq6450op2jiqurspse83o/4300805_11019_001_TC_SM_25312_U_RAL3002_Pic.jpg
4300860,https://d2c5rvsfjg2eub.cloudfront.net/asset/208244749100/image_9subqja6r93kt2t3mkml51au3v/4300860_21042_001_TE_SM_2131_Dual_Pic_rgb.png
4300866,https://d2c5rvsfjg2eub.cloudfront.net/asset/208244749100/image_gad4uktk5l7ab6gfvo01okgg2d/4300866_21010_001_TE_SM_8_L_Dual_Pic.jpg
4300870,https://d2c5rvsfjg2eub.cloudfront.net/asset/208244749100/image_uha54n7em15at3acua0j6d2r75/4300870_21032_001_TE_SM_2534_Dual_Pic.png
4300877,https://d2c5rvsfjg2eub.cloudfront.net/asset/208244749100/image_723knsf3656gl547mqdlnaoo5t/4300877_21010_001_TE_SM_10_L_Dual_Pic.jpg
4310614,https://d2c5rvsfjg2eub.cloudfront.net/asset/208244749100/image_o6roner3ud2tb8h01hgmamd547/4310614_21010_001_MSS_1608_Pic.jpg
4310615,https://d2c5rvsfjg2eub.cloudfront.net/asset/208244749100/image_0u23537u416kv3d0kvegof8m1b/4310615_11017_001_MSS_1610_RAL3002_Pic.jpg
4310620,https://d2c5rvsfjg2eub.cloudfront.net/asset/208244749100/image_4ufbqfk3fl6el98ed6tgsenb7g/4310620_11012_001_E_Stand_RAL3002_Pic.jpg
4340412,https://d2c5rvsfjg2eub.cloudfront.net/asset/208244749100/image_trvfavr18p1nhcdjcq382hfd5o/4340412_21013_001_TC_TS_8_I_Pic_RGB.png
4340415,https://d2c5rvsfjg2eub.cloudfront.net/asset/208244749100/image_pt73ihldgl10f7c3rht5tqp77s/4340415_21032_001_TC_TS_200_1_RAL3002_Pic.jpg
4340425,https://d2c5rvsfjg2eub.cloudfront.net/asset/208244749100/image_3kemk7ga7l02t9tqfeb63bab5p/4340425_11019_001_TC_TS_210_RAL3002_Pic.jpg
4340426,https://d2c5rvsfjg2eub.cloudfront.net/asset/208244749100/image_gu2gjfvkal2bp4b0qc3id9ap4q/4340426_21013_001_TC_TS_8_Pic.jpg
4340430,https://d2c5rvsfjg2eub.cloudfront.net/asset/208244749100/image_9htmmo9ust7rh7g688leb8pr7n/4340430_21010_001_TE_TS_254_T_RAL3002_Pic.jpg
4340435,https://d2c5rvsfjg2eub.cloudfront.net/asset/208244749100/image_nehnmgomml4mdbm2vst6h1mb15/4340435_21012_001_TP_CC_10_T_Pic_RGB.png
4340515,https://d2c5rvsfjg2eub.cloudfront.net/asset/208244749100/image_c6s83v55nd7ej2nu07sfcst113/4340515_21033_001_TC_TS_2225_U_Pic_RGB.png
4340539,https://d2c5rvsfjg2eub.cloudfront.net/asset/208244749100/image_r2jjm50hu52pd97ko23ndb593f/4340539_21023_001_TE_CC_250_UF_Pic.jpg
4340556,https://d2c5rvsfjg2eub.cloudfront.net/asset/208244749100/image_7if361t8sh2b56vadmlmuhhc7h/4340556_11018_001_TC_TS_315_U_RAL3002_Pic.jpg
4340559,https://d2c5rvsfjg2eub.cloudfront.net/asset/208244749100/image_cbtlg2cdj11ej47uphts94eb67/4340559_11019_001_ST_315_Pic.jpg
4502067,https://d2c5rvsfjg2eub.cloudfront.net/asset/208244749100/image_m5oen3db2h5337vjm633qh360a/4502067_21012_001_Sbl_D_210_30_2_6_Z24_Pic.jpg
4308018,https://d2c5rvsfjg2eub.cloudfront.net/asset/208244749100/image_lbeq4g1eh17uregf2cjindv67e/4308018_11016_001_TC_SB_200_1_RAL3002_Pic.jpg
4308035,https://d2c5rvsfjg2eub.cloudfront.net/asset/208244749100/image_iat0q6ds4h5rhf0pfk4jm7026b/4308035_11019_001_TC_SB_245_L_RAL3002_Pic.jpg
4308055,https://d2c5rvsfjg2eub.cloudfront.net/asset/208244749100/image_idm30f09ih79l9adbqav32d214/4308055_11028_001_TC_SB_305_U_Pic.jpg
4506160,https://d2c5rvsfjg2eub.cloudfront.net/asset/208244749100/image_qhmqnfurop7sd3fu3roc03d97f/4506160_21011_001_Saegebandset_1141_Pic.jpg
4309040,https://d2c5rvsfjg2eub.cloudfront.net/asset/208244749100/image_211hg3gvap11j9qgv8l4oqac4n/4309040_21050_001_TC_SS_405_E_RAL3002_Pic.jpg
4309047,https://d2c5rvsfjg2eub.cloudfront.net/asset/208244749100/image_ai3098gisl5cp4pthj9fi1gs51/4309047_21012_001.png
4419955,https://d2c5rvsfjg2eub.cloudfront.net/asset/208244749100/image_ekdk9nb4656krdcm0umenj7u5o/4419955_21021_001_TC_SP_204_RAL3002_Pic.jpg
4419957,https://d2c5rvsfjg2eub.cloudfront.net/asset/208244749100/image_onani4p73d61vc66c3s2dav076/4419957_21012_001_TC_SP_204_1_Pic.jpg
4304156,https://d2c5rvsfjg2eub.cloudfront.net/asset/208244749100/image_kih64q79dt5kdf4cpb5hufjs0q/4304156_21031_001_TE_VE_550_2_A_RAL3002_Pic.jpg
4312110,https://d2c5rvsfjg2eub.cloudfront.net/asset/208244749100/image_020qoqgjq177jc9pn3jsdsq422/4312110_21022_001_TC_WW_1000_1_RAL3002.jpg
4310630,https://d2c5rvsfjg2eub.cloudfront.net/asset/208244749100/image_1qgfemq9ht36pchg81o4qp8h4j/4310630_11026_001_Absaugadapterset_Pic.jpg
4007360,https://d2c5rvsfjg2eub.cloudfront.net/asset/208244749100/image_edvcbe06hl0tl3hpemd6feoc0u/4007360_21023_001_TC_AC_270_50_8_Pic_rgb.png
4010393,https://d2c5rvsfjg2eub.cloudfront.net/asset/208244749100/image_rc675p10al42r3led2dpjp8a3j/4010393_11027_001_TH_AC_240_50_10_OF_RAL3002_Pic.jpg
4010450,https://d2c5rvsfjg2eub.cloudfront.net/asset/208244749100/image_t7gcn3o1ih02f576suai7hdf07/4010450_21051_001_TE_AC_270_24_10_RAL3002_Pic.jpg
4010451,https://d2c5rvsfjg2eub.cloudfront.net/asset/208244749100/image_qid1e9h9vd42rb1sou1jcfh14q/4010451_21013_001.png
4010452,https://d2c5rvsfjg2eub.cloudfront.net/asset/208244749100/image_3kud37r1rp0at765qtrg6sfd3n/4010452_21013_001.png
4010460,https://d2c5rvsfjg2eub.cloudfront.net/asset/208244749100/image_psctc1kbop2d5a851eumch9s4v/4010460_21051_001_TE_AC_230_24_8_RAL3002_Pic.jpg
4010495,https://d2c5rvsfjg2eub.cloudfront.net/asset/208244749100/image_q8haeg5ef50ur4p4g9oqss0f2j/4010495_21033_001_TC_AC_420_50_10_V_Pic.png
4010800,https://d2c5rvsfjg2eub.cloudfront.net/asset/208244749100/image_7g8k0b3oq16dh4llap9d87as56/4010800_21043_001_TE_AC_430_90_10_Pic_RGB.png
4010810,https://d2c5rvsfjg2eub.cloudfront.net/asset/208244749100/image_0794klg5dt3ab1jkm16g7si556/4010810_21033_001_TE_AC_430_50_10_Pic_RGB.png
4020590,https://d2c5rvsfjg2eub.cloudfront.net/asset/208244749100/image_7f1h8qm6lt5dpfkfrbi9htgk60/4020590_21023_001_TC_AC_200_24_8_OF_Pic_rgb.png
4020600,https://d2c5rvsfjg2eub.cloudfront.net/asset/208244749100/image_n5t9lahl6l6lvcqqthv1hako2o/4020600_21033_001_TE_AC_6_Silent_Pic_RGB.png
4020610,https://d2c5rvsfjg2eub.cloudfront.net/asset/208244749100/image_6md77kf4cl6q1ce46dfituks3v/4020610_21033_001_TE_AC_24_Silent_Plus_Pic_RGB.png
4020620,https://d2c5rvsfjg2eub.cloudfront.net/asset/208244749100/image_14c09c6phh2uv5m2c36tgev801/4020620_21033_001_TE_AC_270_50_Silent_Plus_Pic_RGB.png
4020650,https://d2c5rvsfjg2eub.cloudfront.net/asset/208244749100/image_2qh6ig3gid5kd5t18a50k9e26n/4020650_21023_001_TC_AC_190_6_8_OF_Set_Pic_rgb.jpg
4020655,https://d2c5rvsfjg2eub.cloudfront.net/asset/208244749100/image_vc10uuetch3hp0rpgohf3gts59/4020655_21023_001_TC_AC_190_6_8_OF_Pic_rgb.png
4020660,https://d2c5rvsfjg2eub.cloudfront.net/asset/208244749100/image_n5amop5f8p5ip7392e2u5l1628/4020660_21033_001_TC_AC_190_OF_Set_Pic_RGB.png
4138005,https://d2c5rvsfjg2eub.cloudfront.net/asset/208244749100/image_av2shshvtp4ej6cfm3a7c2jt0s/4138005_21011_001_TC_PH_150_Pic.jpg
4020577,https://d2c5rvsfjg2eub.cloudfront.net/asset/208244749100/image_5n3avqd6pl027c8rlrgsad7j41/4020577_21033_001_DruckluftzubSet_10tlg_RAL3002_Pic.jpg
4132720,https://d2c5rvsfjg2eub.cloudfront.net/asset/208244749100/image_n64gnf6e057ip5snjppo7d3b1e/4132720_21102_001_Druckluftset_Profi_5tlg_Pic.jpg
4132741,https://d2c5rvsfjg2eub.cloudfront.net/asset/208244749100/image_t5d09ouk4118fdf3vv1a38sv6t/4132741_21072_001_Druckluftset_3tlg_Pic.jpg
4132759,https://d2c5rvsfjg2eub.cloudfront.net/asset/208244749100/image_vmajjro9ct1651vu63h8e3210e/4132759_11019_001_Ausblaspistolen-Set_RAL3002_Pic.jpg
4132762,https://d2c5rvsfjg2eub.cloudfront.net/asset/208244749100/image_ucn9s8usl15d309p1a6n2nc16f/4132762_21010_001_Ausblaspistole4Duesen_pic.jpg
4132763,https://d2c5rvsfjg2eub.cloudfront.net/asset/208244749100/image_0cg6c695pd42l39m8ug3bgqa66/4132763_21011_001_Ausblaspistole_mit_500_Duese_Pic.jpg
4132768,https://d2c5rvsfjg2eub.cloudfront.net/asset/208244749100/image_u77sbrmig133hfn24avj0vol0g/4132768_11019_001_Spannfeder_Pic.jpg
4132769,https://d2c5rvsfjg2eub.cloudfront.net/asset/208244749100/image_hd4oft8ncp4pd72u4ppqjqjk0r/4132769_21010_001_Meisselset_4teilig_Pic.jpg
4132776,https://d2c5rvsfjg2eub.cloudfront.net/asset/208244749100/image_0thvn6ag4t5pd311qtev50oh5e/4132776_21011_001_Druckluftzubset_13tlg_Pic.jpg
4132900,https://d2c5rvsfjg2eub.cloudfront.net/asset/208244749100/image_qub1iee41p4prc836im7usjv4h/4132900_21072_001_Farbspritzpistole_Sauchbecher_Pic.jpg
4133000,https://d2c5rvsfjg2eub.cloudfront.net/asset/208244749100/image_595japflu976j0duj4ctkf1m7d/4133000_11067_001_Farbspritzpistole_Fliessbecher_Pic.jpg
4133030,https://d2c5rvsfjg2eub.cloudfront.net/asset/208244749100/image_t13c8fi0697tlatj24r41uiv4f/4133030_11027_001_Farbspritzpistole_Profi_Fliessbecher_Pic.jpg
4133100,https://d2c5rvsfjg2eub.cloudfront.net/asset/208244749100/image_p85cu17kcd1ln4l347idhcqg0n/4133100_11067_001_Ausblaspistole_kurz_Pic.jpg
4133102,https://d2c5rvsfjg2eub.cloudfront.net/asset/208244749100/image_krmch70s4p0nh7ms4nc94gt96u/4133102_11047_001_Ausblaspistole_lang_Pic.jpg
4133110,https://d2c5rvsfjg2eub.cloudfront.net/asset/208244749100/image_3j6shci3sl0g79864pqk0pd857/4133110_11037_001_Reifenfuellmesser_Profi_Pic.jpg
4133115,https://d2c5rvsfjg2eub.cloudfront.net/asset/208244749100/image_574urol5id41lbds1qfraa0d0f/4133115_11027_001_Reifenfuellmesser_digi_Pic.jpg
4133120,https://d2c5rvsfjg2eub.cloudfront.net/asset/208244749100/image_6am464ji096jl6pbaf25ntk05m/4133120_11019_001_Nadelentroster_Aufsatz_Pic.jpg
4133200,https://d2c5rvsfjg2eub.cloudfront.net/asset/208244749100/image_ke8s6ph6kd3sle4gr6iv654f5c/4133200_11077_001_Spruehpistole_Saugbecher_RAL3002_Pic.jpg
4133210,https://d2c5rvsfjg2eub.cloudfront.net/asset/208244749100/image_biqlkbr62p6t9dnu9j9ao3p45k/4133210_21012_001_2_Wege_Ausblaspistole_lang_Pic.jpg
4133300,https://d2c5rvsfjg2eub.cloudfront.net/asset/208244749100/image_ot2qgh0fhl41h9g5fdva13lk2j/4133300_11057_001_Strahlpistole_Saugbecher_Pic.jpg
4133501,https://d2c5rvsfjg2eub.cloudfront.net/asset/208244749100/image_lj1ui6akpl4iff5jgtot7m1f3b/4133501_11067_001_Unterbodenschutzpistole_Pic.jpg
4134100,https://d2c5rvsfjg2eub.cloudfront.net/asset/208244749100/image_imkl5crtt12lt0i3lnvul8ng3h/4134100_01039_001_Filterdruckminderer_R38_RAL3002_Pic.jpg
4134200,https://d2c5rvsfjg2eub.cloudfront.net/asset/208244749100/image_ddobbhnqkh61reufbja9vfk842/4134200_01039_001_Filterdruckminderer_R14_RAL3002_Pic.jpg
4135000,https://d2c5rvsfjg2eub.cloudfront.net/asset/208244749100/image_l45uuc4ef56ohen8cfe14vum3s/4135000_01029_001_Komiwartungseinheit_R38+Oeler_RAL3002_Pic.jpg
4135001,https://d2c5rvsfjg2eub.cloudfront.net/asset/208244749100/image_fcrq92ett532je3qtvib42ft4p/4135001_01039_001_Kombiwartungseinheit_R14+Oeler_RAL3002_Pic.jpg
4135002,https://d2c5rvsfjg2eub.cloudfront.net/asset/208244749100/image_9pki9t1ort617dkch1si09e866/4135002_11027_001_Mini_Nebel_Oeler_R1-4_Pic.jpg
4137000,https://d2c5rvsfjg2eub.cloudfront.net/asset/208244749100/image_g46jaqiak13jpcd48303foa33f/4137000_21081_001_Reifenfuellmesser_Pic.jpg
4138100,https://d2c5rvsfjg2eub.cloudfront.net/asset/208244749100/image_a2fbklgimt0oj88vetoq0l3d1o/4138100_11058_001_Gewebeschlauch_10m_Pic.jpg
4138200,https://d2c5rvsfjg2eub.cloudfront.net/asset/208244749100/image_uclotn5sfh3tv121mrv631s02v/4138200_11058_001_Gewebeschlauch_15m_6mm_Pic.jpg
4138210,https://d2c5rvsfjg2eub.cloudfront.net/asset/208244749100/image_rljnli3k0h4ct7igcmg9c5663a/4138210_11038_001_Gewebeschlauch_15m_9mm_Pic.jpg
4138310,https://d2c5rvsfjg2eub.cloudfront.net/asset/208244749100/image_vh72pqkkpl1onb2la765816p4h/4138310_11020_001_Spezialoel_Pic.jpg
4138311,https://d2c5rvsfjg2eub.cloudfront.net/asset/208244749100/image_vr89hd7mnl7dhce20qro0p6k5d/4138311_21011_001_Strahlgut_1kg_Pic.jpg
4138315,-
4139205,https://d2c5rvsfjg2eub.cloudfront.net/asset/208244749100/image_m363ihgpsh25r0ra2r7ftflg0m/4139205_11037_001_Schnellkupplung_R3-8IG_Pic.jpg
4139206,https://d2c5rvsfjg2eub.cloudfront.net/asset/208244749100/image_usr8aletol1n56j0c83str3k6d/4139206_11037_001_Schnellkupplung_R1-4IG_Pic.jpg
4139207,https://d2c5rvsfjg2eub.cloudfront.net/asset/208244749100/image_vqp77bd2i92vla9q33dsfd3s3e/4139207_11027_001_Schnellkupplung_R1-4AG_Pic.jpg
4139208,https://d2c5rvsfjg2eub.cloudfront.net/asset/208244749100/image_gi0997b6el4fbe3gijkikei06e/4139208_11027_001_Schnellkupplung_R3-8AG_Pic.jpg
4139209,https://d2c5rvsfjg2eub.cloudfront.net/asset/208244749100/image_urm6i09jvp5c7etf1fs2ui0r7t/4139209_11027_001_Schnellkupplung_R1-2AG_Pic.jpg
4139210,https://d2c5rvsfjg2eub.cloudfront.net/asset/208244749100/image_1kknbgdr0p13f8k8s07p6siu45/4139210_11027_001_Schnellkupplung_R1-2IG_Pic.jpg
4139301,https://d2c5rvsfjg2eub.cloudfront.net/asset/208244749100/image_1ffqkvgdkt7u59j7j1c993lg71/4139301_11027_001_Schnellkupplung_6mm_Pic.jpg
4139302,https://d2c5rvsfjg2eub.cloudfront.net/asset/208244749100/image_c90b3ci3gt7idb571j6s2esi4m/4139302_11027_001_Schnellkupplung_9mm_Pic.jpg
4139310,https://d2c5rvsfjg2eub.cloudfront.net/asset/208244749100/image_gu652hf0k97hhb3i2mu21r7j7g/4139310_11037_001_Schlauchverbindungsrohr_6mm_Pic.jpg
4139320,https://d2c5rvsfjg2eub.cloudfront.net/asset/208244749100/image_gk1e1n0uop1dh7a5ulirl8ab49/4139320_11027_001_Schlauchverbindungsrohr_9mm_Pic.jpg
4139330,https://d2c5rvsfjg2eub.cloudfront.net/asset/208244749100/image_nu3l63attd2vh0a2g934bdg76u/4139330_11027_001.jpg
4139410,https://d2c5rvsfjg2eub.cloudfront.net/asset/208244749100/image_8dqg30rihh3fv1lelvufar5256/4139410_21062_001_Spiralschlauch_4m_6mm_Pic.jpg
4139420,https://d2c5rvsfjg2eub.cloudfront.net/asset/208244749100/image_5krl47eh312b104nt5rsjm420l/4139420_21062_001_Spiralschlauch_8m_6mm_Pic.jpg
4139430,https://d2c5rvsfjg2eub.cloudfront.net/asset/208244749100/image_dfse4kcuhd0pldb699f63ciq7j/4139430_21013_001_Sprialschlauch_10_I9mm_Pic.jpg
4139500,https://d2c5rvsfjg2eub.cloudfront.net/asset/208244749100/image_uh1l2peh5h3n109mftv1v5n528/4139500_11037_001_Schlauchverbinder_Set_6mm_Pic.jpg
4139600,https://d2c5rvsfjg2eub.cloudfront.net/asset/208244749100/image_hbp8tgbckp7bt1n57i2vco6b1t/4139600_11037_001_Reduzierung_R1-4IG_R3-8AG_Pic.jpg
4139605,https://d2c5rvsfjg2eub.cloudfront.net/asset/208244749100/image_4bkrd05oct6p37185sljkkgb7m/4139605_11027_001_Reduzierung_R3-8IG_R1-2AG_Pic.jpg
4139610,https://d2c5rvsfjg2eub.cloudfront.net/asset/208244749100/image_pieab0ur1d6kvckj320oclb63d/4139610_11047_001_Doppelnippel_R3-8AG_Pic.jpg
4139620,https://d2c5rvsfjg2eub.cloudfront.net/asset/208244749100/image_2fqiaopem107d51b7hei3lvr4v/4139620_11037_001_Doppelnippel_R1-4AG_Pic.jpg
4139630,https://d2c5rvsfjg2eub.cloudfront.net/asset/208244749100/image_t3ab3m56lp0p70adra58dmg41d/4139630_11047_001_Reduzierung_R3-8AG_R1-4AG_Pic.jpg
4139640,https://d2c5rvsfjg2eub.cloudfront.net/asset/208244749100/image_6io3r1pdil0ur1hbp40ch8i86s/4139640_11047_001_Gewindestecknippel_R1-4IG_Pic.jpg
4139645,https://d2c5rvsfjg2eub.cloudfront.net/asset/208244749100/image_jk8r9j193d2l37n2jnpo79rs5j/4139645_11027_001_Gewindestecknippel_R3-8IG_Pic.jpg
4139650,https://d2c5rvsfjg2eub.cloudfront.net/asset/208244749100/image_pfq3q6ofj145tbino92f3t752e/4139650_11047_001_Gewindestecknippel_R3-8AG_Pic.jpg
4139655,https://d2c5rvsfjg2eub.cloudfront.net/asset/208244749100/image_1810c2go915632ougn9daukr7o/4139655_11027_001_Gewindestecknippel_R1-4AG_Pic.jpg
4139660,https://d2c5rvsfjg2eub.cloudfront.net/asset/208244749100/image_rk6e34bqv17sj51d4sp7nflc7r/4139660_11037_001_Stecktuelle_6mm_Pic.jpg
4139661,https://d2c5rvsfjg2eub.cloudfront.net/asset/208244749100/image_thvcnj5p2l3jbeerrcl4dhjm6h/4139661_11027_001_Stecktuelle_9mm_Pic.jpg
4139665,https://d2c5rvsfjg2eub.cloudfront.net/asset/208244749100/image_7gv5ij9kqp6eh1e12vhb6fk12t/4139665_11027_001_Gewindestecktuelle_R1-4AG_6mm_Pic.JPG
4139666,https://d2c5rvsfjg2eub.cloudfront.net/asset/208244749100/image_t2uffnnabd4ctcblkmf2ghcs1v/4139666_11027_001_Gewindestecktuelle_R3-8AG_6mm_Pic.JPG
4139670,https://d2c5rvsfjg2eub.cloudfront.net/asset/208244749100/image_bishkcnbut6af1ad5koahirv5s/4139670_11037_001_Schellen_Set_8-12mm_5Stck_Pic.jpg
4139680,https://d2c5rvsfjg2eub.cloudfront.net/asset/208244749100/image_d6s4aci8590p59l25q0dcis317/4139680_11047_001_Verteiler_R3-8IG_Pic.jpg
4139693,https://d2c5rvsfjg2eub.cloudfront.net/asset/208244749100/image_u4m7vb8m4d41l5frkr7o8nrf69/4139693_21013_001_15tlg_Druckluftset_mTasche_Pic.jpg
4139694,https://d2c5rvsfjg2eub.cloudfront.net/asset/208244749100/image_j8n105puph00f57ragebk8g84g/4139694_21013_001_10tlg_Drucklufset_mTasche_Pic.jpg
4139695,https://d2c5rvsfjg2eub.cloudfront.net/asset/208244749100/image_illd7vvsbh49vfre0jjgolea03/4139695_21062_001_AufblasAdapterSet_8tlg_Pic.jpg
4137850,https://d2c5rvsfjg2eub.cloudfront.net/asset/208244749100/image_68113kirth7gr7asobvs12jl26/4137850_21044_001_Klammern_3000_5-7x13mm_Pic.jpg
4137855,https://d2c5rvsfjg2eub.cloudfront.net/asset/208244749100/image_b16l836u9t34vaq6kiqt8uiq6g/4137855_21054_001_Klammern_3000_5-7x16mm_Pic.jpg
4137860,https://d2c5rvsfjg2eub.cloudfront.net/asset/208244749100/image_vqe12cct8t7hd3b1ros2g7ep27/4137860_21044_001_Klammern_3000_5-7x25mm_Pic.jpg
4137861,https://d2c5rvsfjg2eub.cloudfront.net/asset/208244749100/image_msap73ri1960h2ts3nai9a477j/4137861_21044_001_Klammern_3000_5-7x40mm_Pic.jpg
4137871,https://d2c5rvsfjg2eub.cloudfront.net/asset/208244749100/image_utvub223a11dd18ti1vt1j8m4m/4137871_21044_001_Naegel_3000_25mm_Pic.jpg
4137872,https://d2c5rvsfjg2eub.cloudfront.net/asset/208244749100/image_tg81dvf3ul4976feh263elvj0h/4137872_21044_001_Naegel_3000_40mm_Pic.jpg
4137873,https://d2c5rvsfjg2eub.cloudfront.net/asset/208244749100/image_l7okal2gnd6nj2ml3lpjrj553j/4137873_21044_001_Naegel_3000_50mm_Pic.jpg
4139040,https://d2c5rvsfjg2eub.cloudfront.net/asset/208244749100/image_nrtcmhp2jt4dv741oms2k1707j/4139040_21022_001_TC_PC_45_RAL3002_Pic.jpg
4139045,https://d2c5rvsfjg2eub.cloudfront.net/asset/208244749100/image_8j6pmdkbfd3h95g3vk8phva07d/4139045_21022_001_TC_PC_45_Set_RAL3002_Pic.jpg
4138950,https://d2c5rvsfjg2eub.cloudfront.net/asset/208244749100/image_4mfd847oat02h0oc949h9thu7i/4138950_21022_001_TC_PW_340_RAL3002_Pic.jpg
4138960,https://d2c5rvsfjg2eub.cloudfront.net/asset/208244749100/image_guaeavjbnl03d3f4go674tng19/4138960_21022_001_TC_PW_610_RAL3002_Pic.jpg
4138965,https://d2c5rvsfjg2eub.cloudfront.net/asset/208244749100/image_5evup76gmd7bd1ols2k7r3nu1b/4138965_21011_001_TC_PW_610_Compact_pic.jpg
4137790,https://d2c5rvsfjg2eub.cloudfront.net/asset/208244749100/image_q3rs7r25f94dt9bit3ep506q6k/4137790_11018_001_TC_PN_50_RAL3002_Pic.jpg
4139180,https://d2c5rvsfjg2eub.cloudfront.net/asset/208244749100/image_8j69dubk0t0g9fbcscd9avmt2t/4139180_11018_001_TC_PR_68_RAL3002_Pic.jpg
4138540,https://d2c5rvsfjg2eub.cloudfront.net/asset/208244749100/image_uobv3l2uqh5gj3p84ucm39kb2n/4138540_21023_001_TC_PP_220_Pic_RGB.png
4133330,https://d2c5rvsfjg2eub.cloudfront.net/asset/208244749100/image_lkcvsejllh14l4r0377qm9ul6f/4133330_11018_001_TC_PE_150_RAL3002_Pic.jpg
4133420,https://d2c5rvsfjg2eub.cloudfront.net/asset/208244749100/image_r6sdflm0b11d767f2v3lt58k58/4133420_11019_001_Saugstrahlpistole_Pic.jpg
4138550,https://d2c5rvsfjg2eub.cloudfront.net/asset/208244749100/image_qg98pjbupl3o9928a0v7i51d3o/4138550_21013_001_TC_PA_50_Pic_RGB.png
4250690,https://d2c5rvsfjg2eub.cloudfront.net/asset/208244749100/image_ubqn2n9p491tt8dk8ag3r5ig60/4250690_11017_001_TE_BD_550_E_RAL3002_Pic.jpg
4250715,https://d2c5rvsfjg2eub.cloudfront.net/asset/208244749100/image_7r6bpodjcd0u53oc2n2v0gkm2h/4250715_11016_001_TE_BD_750_E_RAL3002_Pic.jpg
4520592,https://d2c5rvsfjg2eub.cloudfront.net/asset/208244749100/image_r9atl76ck95qr7tleqgn6b5e3u/4520592_11019_001_TC_BD_450_RAL3002_Pic.jpg
4520593,https://d2c5rvsfjg2eub.cloudfront.net/asset/208244749100/image_ct4qj904ed1p563i9qd8jln156/4520593_11019_001_TC_BD_500_RAL3002_Pic.jpg
4520597,https://d2c5rvsfjg2eub.cloudfront.net/asset/208244749100/image_cvtcg66shd6nr5ec33u9apiu6s/4520597_21012_001_TC_BD_630_1_RAL3002_Pic.jpg
4301432,https://d2c5rvsfjg2eub.cloudfront.net/asset/208244749100/image_hrnna85cnt4df10tmvfvr0fq4c/4301432_11046_001_TE_SC_920_L_RAL3002_Pic.jpg
4301444,https://d2c5rvsfjg2eub.cloudfront.net/asset/208244749100/image_g8ccl0i7eh7qha52853olmbu4j/4301444_11046_001_TE_SC_570_L_RAL3002_Pic.jpg
4301185,https://d2c5rvsfjg2eub.cloudfront.net/asset/208244749100/image_18u2vqbufh64h7e2m837tv2b3r/4301185_21022_001_TC_TC_800_Pic_rgb.png
4301220,https://d2c5rvsfjg2eub.cloudfront.net/asset/208244749100/image_fuahj123ct7td5umn7oak88535/4301220_21031_001_TE_TC_920_UL_RAL3002_Pic.jpg
4301295,https://d2c5rvsfjg2eub.cloudfront.net/asset/208244749100/image_4ilbtt8aap4c9cllsc3f509g30/4301295_21031_001_TE_TC_620_1_U_RAL3002_Pic.jpg
4412559,https://d2c5rvsfjg2eub.cloudfront.net/asset/208244749100/image_omlcjkve095jn69n33qaohr478/4412559_11019_001_TC_XG_75_Kit_Pic_RGB.png
4412632,https://d2c5rvsfjg2eub.cloudfront.net/asset/208244749100/image_bbev7i7gnd1s78es31m30qqa1c/4412632_11019_001_TC_BG_150_Pic_RGB.png
4412633,https://d2c5rvsfjg2eub.cloudfront.net/asset/208244749100/image_0k96edtpo9111bto6pifmqf51s/4412633_11019_001_TC_BG_200_L_RAL3002_Pic.jpg
4412634,https://d2c5rvsfjg2eub.cloudfront.net/asset/208244749100/image_sm3b5l458h2hje9afrpgij3i7u/4412634_21011_001_TC_BG_150_B_RAL3002_Pic.jpg
4418008,https://d2c5rvsfjg2eub.cloudfront.net/asset/208244749100/image_jhb2ri4ka13v30eibejoiie320/4418008_21023_001_TC_WG_200_Pic_RGB.png
4417242,https://d2c5rvsfjg2eub.cloudfront.net/asset/208244749100/image_b22s8d2ond6epfc3ccfh9ovh0b/4417242_11019_001_TC_WD_200_150_RAL3002_Pic.jpg
4419257,https://d2c5rvsfjg2eub.cloudfront.net/asset/208244749100/image_thr98mvi8t1dbfn774trdoaf3f/4419257_11019_001_TC_US_380_Pic.jpg
4466154,https://d2c5rvsfjg2eub.cloudfront.net/asset/208244749100/image_q4u755o2th0orff22g71vf156a/4466154_11019_001_TC_US_350_RAL3002_Pic.jpg
4412636,https://d2c5rvsfjg2eub.cloudfront.net/asset/208244749100/image_89kliu8r7d1c950epfsgq44j7f/4412636_21012_001_Bürstenscheibe_Pic.jpg
4418011,https://d2c5rvsfjg2eub.cloudfront.net/asset/208244749100/image_32gcgsurg555r5ogsc9rfpeq4l/4418011_21011_001_Schleifscheibe_200x32x40mm_Pic.jpg
4418012,https://d2c5rvsfjg2eub.cloudfront.net/asset/208244749100/image_2qq1k7vt4l4rre9n8a0vlpjn3o/4418012_21012_001_Abdrehvorrichtung_Pic.jpg
4418013,https://d2c5rvsfjg2eub.cloudfront.net/asset/208244749100/image_v1v61cr39p2o541s9i060jc67h/4418013_21012_001_Vorrichtung_kurze_Messer_Pic.jpg
4418014,https://d2c5rvsfjg2eub.cloudfront.net/asset/208244749100/image_rts78r7vft7ddbampit73qkb1v/4418014_21012_001_Vorrichtung_Lange_Messer_Pic.jpg
4418015,https://d2c5rvsfjg2eub.cloudfront.net/asset/208244749100/image_ocj7g73b2d403d47ocd0hnd021/4418015_21012_001_Vorrichtung_Drechselroehre_Pic.jpg
4503139,https://d2c5rvsfjg2eub.cloudfront.net/asset/208244749100/image_6uj11fbv5t4e9efal48m8q7t2m/4503139_21011_001_TC_MC_355_1_RAL3002_Pic_rgb.png
2255130,https://d2c5rvsfjg2eub.cloudfront.net/asset/208244749100/image_n8rp64b6ot57h637s0ap77ie2q/2255130_11029_001_TC_EH_250_RAL3002_Pic.jpg
2255140,https://d2c5rvsfjg2eub.cloudfront.net/asset/208244749100/image_el96me3ptd61f3sheaulccph1u/2255140_11029_001_TC_EH_500_RAL3002_Pic.jpg
2255150,https://d2c5rvsfjg2eub.cloudfront.net/asset/208244749100/image_pf2476pvvp083986sd2764k95b/2255150_11029_001_TC_EH_600_RAL3002_Pic.jpg
2255160,https://d2c5rvsfjg2eub.cloudfront.net/asset/208244749100/image_67n1hl3qf16mlbme6mj4da6m1u/2255160_11029_001_BT_EH_1000_RAL3002_Pic.jpg
2260140,https://d2c5rvsfjg2eub.cloudfront.net/asset/208244749100/image_2qckka9lqp11v2kd2041ih5a5m/2260140_11018_001_TC_LW_1000_RAL3002_Pic.jpg
2260150,https://d2c5rvsfjg2eub.cloudfront.net/asset/208244749100/image_3jv6rcn36h20b970rka309ku53/2260150_11018_001_TC_LW_2000_RAL3002_Pic.jpg
2260160,https://d2c5rvsfjg2eub.cloudfront.net/asset/208244749100/image_9c929sq1up4ipbmubn6no2dp2t/2260160_11019_001_TC_WI_500_RAL3002_Pic.jpg
2260170,https://d2c5rvsfjg2eub.cloudfront.net/asset/208244749100/image_1hvjtffe290894retj7jpl3656/2260170_11019_001_TC_WI_800_RAL3002_Pic.jpg
2250110,https://d2c5rvsfjg2eub.cloudfront.net/asset/208244749100/image_24p2nmho112q71a5l01muu5h2p/2250110_11017_001_TC_CH_1000_RAL3002_Pic.jpg
2255398,https://d2c5rvsfjg2eub.cloudfront.net/asset/208244749100/image_akp6af4cc14jl21amsltmiuc58/2255398_11048_001_SA_1100_Pic.jpg
4152630,https://d2c5rvsfjg2eub.cloudfront.net/asset/208244749100/image_e5c4s361it6dh3aomcbo2g4f6q/4152630_21012_001_TE_IG_1900_DF_Pic_RGB.png
4152535,https://d2c5rvsfjg2eub.cloudfront.net/asset/208244749100/image_ptu9hs0ct16h73ikn17g4re11g/4152535_11019_001_TC_PG_10_E5_RAL3002_Pic.jpg
4152551,https://d2c5rvsfjg2eub.cloudfront.net/asset/208244749100/image_1q05iai0ft1unds68rt0i6el2t/4152551_11019_001_TC_PG_35_E5_RAL3002_Pic.jpg
4152562,https://d2c5rvsfjg2eub.cloudfront.net/asset/208244749100/image_vjrl82a5ud2fda09jlhph7h237/4152562_11019_001_TC_PG_55_E5_RAL3002_Pic.jpg
4152580,https://d2c5rvsfjg2eub.cloudfront.net/asset/208244749100/image_4npmd0k2850a54o7d7li5vci7k/4152580_11019_001_TC_IG_1100_RAL3002_Pic.jpg
4152590,https://d2c5rvsfjg2eub.cloudfront.net/asset/208244749100/image_ged59t7oc13f50v3ssbgvbh45g/4152590_21022_001_TC_IG_2000_RAL3002_Pic.jpg
4152600,https://d2c5rvsfjg2eub.cloudfront.net/asset/208244749100/image_5kr4bo2tbp5nl4berhc4tfie72/4152600_21021_001_TC_PG_25_1_E5_RAL3002_Pic.jpg
4152610,https://d2c5rvsfjg2eub.cloudfront.net/asset/208244749100/image_bckuq5c0kd55vae3ks05rgh01e/4152610_21022_001_TC_PG_65_E5_RAL3002_Pic.jpg
4152620,https://d2c5rvsfjg2eub.cloudfront.net/asset/208244749100/image_khs7qkr15l60vfq4ef9kgsi04l/4152620_21011_001_TE_IG_3500_RAL3002_Pic.jpg
4152640,https://d2c5rvsfjg2eub.cloudfront.net/asset/208244749100/image_6bd2bqa5l9513blrg5dm9rh42g/4152640_21013_001_TC_PG_8000_Pic_rgb.png
3407000,https://d2c5rvsfjg2eub.cloudfront.net/asset/208244749100/image_3l5j67jh595qncn07mv4qe2u3m/3407000_11028_001_Benzin_Oelabsaugpumpe_Pic.jpg
2260112,https://d2c5rvsfjg2eub.cloudfront.net/asset/208244749100/image_uv8rgi04ht5l7fnp6ht1gju44o/2260112_11031_001.jpg
2022530,https://d2c5rvsfjg2eub.cloudfront.net/asset/208244749100/image_8chn7ue0j151l4qmhmfbo6r33j/2022530_11016_001_TC_PT_2500_RAL3002_Pic.jpg
4510151,https://d2c5rvsfjg2eub.cloudfront.net/asset/208244749100/image_jui9sigq1d6m12rn5v2lvru52p/4510151_11018_001_TC_TW_150_RAL3002_Pic.jpg
4510170,https://d2c5rvsfjg2eub.cloudfront.net/asset/208244749100/image_e11q8pe4253jf5armpmdr3kg4t/4510170_11016_001_TC_TW_100_RAL3002_gespiegelt_Pic.jpg
2210110,https://d2c5rvsfjg2eub.cloudfront.net/asset/208244749100/image_6gr92rp4r117p6gmsvqchkfs63/2210110_01023_001.tif
2342188,https://d2c5rvsfjg2eub.cloudfront.net/asset/208244749100/image_7uktc58n2h42ncfp9h60n9056s/2342188_11029_001_TC_VC_1930_S_RAL3002_Pic.jpg
2342190,https://d2c5rvsfjg2eub.cloudfront.net/asset/208244749100/image_8amlmvoun90pn7n1sr2markd0m/2342190_11049_001_TC_VC_1930_SA_RAL3002_Pic.jpg
2342230,https://d2c5rvsfjg2eub.cloudfront.net/asset/208244749100/image_5du83sheul56fej8u75uko3400/2342230_21010_001_TC_VC_1930_SA_Kit_RAL3002_Pic.jpg
2342363,https://d2c5rvsfjg2eub.cloudfront.net/asset/208244749100/image_5e71niho116pt4lbeeciaj901p/2342363_11012_001_TE_VC_2230_SA_RAL3002_Pic.jpg
2342370,https://d2c5rvsfjg2eub.cloudfront.net/asset/208244749100/image_ll24lhgsbt01fehgi2j1u3mf4d/2342370_21022_001_TC_VC_1812_S_Pic_RGB.png
2342390,https://d2c5rvsfjg2eub.cloudfront.net/asset/208244749100/image_90lafplvg53alc1as5mpit6b6v/2342390_11016_001_TC_VC_1815_S_RAL3002_Pic.jpg
2342425,https://d2c5rvsfjg2eub.cloudfront.net/asset/208244749100/image_hlvhgtdmit28l86d80uhmpoh4i/2342425_11029_001_TC_VC_1820_SA_RAL3002_Pic.jpg
2342430,https://d2c5rvsfjg2eub.cloudfront.net/asset/208244749100/image_vlbmfp96k54cv0lo1fjv0hut7d/2342430_11018_001_TC_VC_1825_RAL3002_Pic.jpg
2342460,https://d2c5rvsfjg2eub.cloudfront.net/asset/208244749100/image_j5i6lhf3jl00b1cc6kdrl3hp77/2342460_21010_001_TE_VC_2025_SACL_Pic_RAL3002.jpg
2342465,https://d2c5rvsfjg2eub.cloudfront.net/asset/208244749100/image_bgcvgl46hp0bfa2qjbuue8ga4u/2342465_21010_001_TE_VC_2230_SACL_RAL3002_Pic.jpg
2342470,https://d2c5rvsfjg2eub.cloudfront.net/asset/208244749100/image_65ftrbqs397q3e7tqce28t5t2s/2342470_21010_001_TE_VC_2340_SACL_RAL3002_Pic.jpg
2342475,https://d2c5rvsfjg2eub.cloudfront.net/asset/208244749100/image_5dtslg11c108t7je3habn80d48/2342475_21010_001_TE_VC_2350_SACL_RAL3002_Pic.jpg
2342480,https://d2c5rvsfjg2eub.cloudfront.net/asset/208244749100/image_25eqbqsivp0f3d6jl9c9ammk5f/2342480_21013_002_TC_VC_1820_Pic_RGB.png
2342485,https://d2c5rvsfjg2eub.cloudfront.net/asset/208244749100/image_cosudejipl7fb88cmli1hj9263/2342485_21013_002_TC_VC_1825_A_Pic_RGB.png
2342490,https://d2c5rvsfjg2eub.cloudfront.net/asset/208244749100/image_lg4acftk216fdcjffecsvdea2j/2342490_21013_002_TC_VC_1930_A_Pic_RGB.png
2340290,https://d2c5rvsfjg2eub.cloudfront.net/asset/208244749100/image_bbjp41ksrp525bhkftfevbh32n/2340290_21030_001_TC_VC_1815_RAL3002_Pic.jpg
2351110,https://d2c5rvsfjg2eub.cloudfront.net/asset/208244749100/image_btmkf6fbmd7k59ici4f1v8t759/2351110_11030_001_Faltenfilter_Pic.jpg
2351113,https://d2c5rvsfjg2eub.cloudfront.net/asset/208244749100/image_0bi04rut1p00j2qrj147u2a97o/2351113_01019_001.jpg
2351126,https://d2c5rvsfjg2eub.cloudfront.net/asset/208244749100/image_jq83fj6m8h2nbdsidc41efn32b/2351126_21010_001_Faltenfilter_Staubklasse_L_Pic.jpg
2351132,https://d2c5rvsfjg2eub.cloudfront.net/asset/208244749100/image_h65fu7batt13l5qklpgj74hi13/2351132_11019_001_Schaumstofffilter_5erSet_Pic.jpg
2351134,https://d2c5rvsfjg2eub.cloudfront.net/asset/208244749100/image_skdhkvrpfp1u55pp6akucfch1u/2351134_21010_001_Schaumstofffilter_5x_Kl_L_Pic.jpg
2351135,https://d2c5rvsfjg2eub.cloudfront.net/asset/208244749100/image_kghuu9jvsd1470d992tvmcuf73/2351135_11018_001_Schaumstofffilter_10l_5er_Set_Pic.jpg
2351140,https://d2c5rvsfjg2eub.cloudfront.net/asset/208244749100/image_6r4vk3feb944l50sipesl03m7g/2351140_11020_001.jpg
2351150,https://d2c5rvsfjg2eub.cloudfront.net/asset/208244749100/image_3pvk4b3e090pt565mmuno1900t/2351150_21050_001_Schmutzfangsack_25l_5erSet_Pic.jpg
2351152,https://d2c5rvsfjg2eub.cloudfront.net/asset/208244749100/image_e9hq4d5ath57pb697qppuqav37/2351152_21040_001_Schmutzfangsack_20l_5erSet_Pic.jpg
2351159,https://d2c5rvsfjg2eub.cloudfront.net/asset/208244749100/image_0fvv92tvvl2kt4jsf9h2a9cr0m/2351159_21020_001_Schmutzfangsack12l_5erSet_Pic.jpg
2351165,https://d2c5rvsfjg2eub.cloudfront.net/asset/208244749100/image_5rqka6630p7hbcb3uaorjf7g33/2351165_21022_001_Schmutzfangsack_15l_5er_Set_Pic.jpg
2351170,https://d2c5rvsfjg2eub.cloudfront.net/asset/208244749100/image_s70t4jb1qh39r2vll7696qsn0g/2351170_21040_001_Schmutzfangsack_30l_5erSet_Pic.jpg
2351180,https://d2c5rvsfjg2eub.cloudfront.net/asset/208244749100/image_5rn5i0dtv95bpd4gil3h14cc6u/2351180_11015_001_Schmutzfangsack40l_5erSet_Pic.jpg
2351185,https://d2c5rvsfjg2eub.cloudfront.net/asset/208244749100/image_jrvfrvr9r53tjdu9jn1lvdn20f/2351185_21020_001_Vliesbeutel_15l_5erSet_Pic.jpg
2351190,https://d2c5rvsfjg2eub.cloudfront.net/asset/208244749100/image_q15cs13of55kfds8a48vjip411/2351190_21020_001_Vliesbeutel_25l_5erSetPic.jpg
2351195,https://d2c5rvsfjg2eub.cloudfront.net/asset/208244749100/image_a1v96u0ji53k76vili1aa0ft3o/2351195_21020_001_Vliesbeutel_40l_5erSet_Pic.jpg
2351204,https://d2c5rvsfjg2eub.cloudfront.net/asset/208244749100/image_qe2htcgpjd5a973d7jnhnv6c7m/2351204_21010_001_Flexible_Fugenduese_lang_Pic.jpg
2351215,https://d2c5rvsfjg2eub.cloudfront.net/asset/208244749100/image_rrg3g0ibah7k5cqnshgo07dj5t/2351215_11017_001_Bodenduese_Universal_Pic.jpg
2351216,https://d2c5rvsfjg2eub.cloudfront.net/asset/208244749100/image_okeg3cbhkh5ev6767cv5qn154l/2351216_21012_001_Bodenduese_Rollen_Pic.jpg
2351230,https://d2c5rvsfjg2eub.cloudfront.net/asset/208244749100/image_equjvt37hl29jc5gdsjubf7f66/2351230_11017_001_Teppichbuerste_rund_Pic.jpg
2351233,https://d2c5rvsfjg2eub.cloudfront.net/asset/208244749100/image_j2ofll82jd2v5adfbs6q8cts26/2351233_21010_001_Bohrduese_Pic.jpg
2351235,https://d2c5rvsfjg2eub.cloudfront.net/asset/208244749100/image_dh1u0omsh51b153drhne8t0r6s/2351235_11017_001_Duesenset_1_Pic.jpg
2351245,https://d2c5rvsfjg2eub.cloudfront.net/asset/208244749100/image_p79ho9gev53rl85njn2h0tbe3e/2351245_21022_001_Autoreinigungsset_Pic.jpg
2351250,https://d2c5rvsfjg2eub.cloudfront.net/asset/208244749100/image_f4ktovlhdp3ed69nbe3jcj2d63/2351250_11017_001_DUAL-STAUB-FILTERSYSTEM_Pic.jpg
2351260,https://d2c5rvsfjg2eub.cloudfront.net/asset/208244749100/image_nt2la3jnjp4fdfart065r55c79/2351260_21020_001_Schmutzfangsack_10l_5er_Set_Pic.jpg
2351270,https://d2c5rvsfjg2eub.cloudfront.net/asset/208244749100/image_2juj0aoe2902rd0shfbt48rm4t/2351270_21012_001_Saugschlauchverlaengerung_Pic.jpg
2362000,https://d2c5rvsfjg2eub.cloudfront.net/asset/208244749100/image_25r728rpqd4trci9dqj2pbg94g/2362000_21030_001_Saugschlauch_Pic.jpg
2362005,https://d2c5rvsfjg2eub.cloudfront.net/asset/208244749100/image_7ckq8g340t6af0gr1p6s2lii5s/2362005_21010_001_Saugschlauch_Premium_RAL3002_Pic.jpg
2351661,https://d2c5rvsfjg2eub.cloudfront.net/asset/208244749100/image_i9dujrte390ope271m7s7qfs0d/2351661_21011_001_TC_AV_1817_D_RAL3002_Pic.jpg
2351666,https://d2c5rvsfjg2eub.cloudfront.net/asset/208244749100/image_orbq8dkgnt78pcrh166e5e271o/2351666_21011_001_TC_AV_1720_DW_RAL3002_Pic.jpg
2351612,https://d2c5rvsfjg2eub.cloudfront.net/asset/208244749100/image_gnk5r34aqp0frfd1h282cr7446/2351612_11021_001_Aschefilter18l_Pic.jpg
2351606,https://d2c5rvsfjg2eub.cloudfront.net/asset/208244749100/image_76435jvkp12ll1asemoni76q33/2351606_11023_001_Aschefilter12l_Pic.jpg
2351311,https://d2c5rvsfjg2eub.cloudfront.net/asset/208244749100/image_btde3r4lv57id47q81rqm03i4l/2351311_21011_001_Faltenfilter_AV_Pic.jpg
2351315,https://d2c5rvsfjg2eub.cloudfront.net/asset/208244749100/image_vf2p7tdadp7cv1u6m32guqm91c/2351315_21020_001_Vorfilter_AV_Pic.jpg
2351320,https://d2c5rvsfjg2eub.cloudfront.net/asset/208244749100/image_gffa1ukdm11fvdnobqmq86182v/2351320_21022_001_Fugenduese_AV_Pic.jpg
4140740,https://d2c5rvsfjg2eub.cloudfront.net/asset/208244749100/image_7q700oq8252ib8lbhog4f64258/4140740_11019_001_TC_HP_90_RAL3002_Pic.jpg
4140750,https://d2c5rvsfjg2eub.cloudfront.net/asset/208244749100/image_t6ana810v14kl50d0o72t9ad7f/4140750_11019_001_TC_HP_130_RAL3002_Pic.jpg
4140760,https://d2c5rvsfjg2eub.cloudfront.net/asset/208244749100/image_mk3krlls4h12nelq3325llgk17/4140760_11019_001_TE_HP_140_RAL3002_Pic.jpg
4140770,https://d2c5rvsfjg2eub.cloudfront.net/asset/208244749100/image_56ntscobvd2b965hpff8th2s4b/4140770_11019_001_TE_HP_170_RAL3002_Pic.jpg
4144015,https://d2c5rvsfjg2eub.cloudfront.net/asset/208244749100/image_vt0bsnuq4t6qle0f4u6m037l0m/4144015_21010_001_Flaechenreiniger_Pic.jpg
4144016,https://d2c5rvsfjg2eub.cloudfront.net/asset/208244749100/image_llsor3tq1h5fv5im5up72k8i6p/4144016_21010_001_Waschbuerste_Pic.jpg
4144017,https://d2c5rvsfjg2eub.cloudfront.net/asset/208244749100/image_addemvbl1966b3q1bf90s9um3o/4144017_21010_001_RotierendeWaschbuerste_Pic.jpg
4144018,https://d2c5rvsfjg2eub.cloudfront.net/asset/208244749100/image_pedvok1kod4gl4vu10bkjeei4f/4144018_21010_001_Horizontal_Waschbuerste_Pic.jpg
4144019,https://d2c5rvsfjg2eub.cloudfront.net/asset/208244749100/image_iuokqfvq014vp6bfi74gpk373m/4144019_21010_001_PVC_Hochdruckschlauch_6m_Pic.jpg
4144020,https://d2c5rvsfjg2eub.cloudfront.net/asset/208244749100/image_q9vmv03aql41lb55vg9r6k0k3o/4144020_21010_001_Winkelduese_Pic.jpg
4144021,https://d2c5rvsfjg2eub.cloudfront.net/asset/208244749100/image_irkseh6ng15ff47e2mq04rre3b/4144021_21010_001_Spruehmittelbehaelter_Pic.jpg
4144022,https://d2c5rvsfjg2eub.cloudfront.net/asset/208244749100/image_8rqv9f0n8h5ud5ckcfk5uh2u3o/4144022_21010_001_Turboduese_Pic.jpg
4144023,https://d2c5rvsfjg2eub.cloudfront.net/asset/208244749100/image_jlcci62cvt3k560190glm4v44g/4144023_21010_001_Rohrreinigungsschlauch_Pic.jpg
4144024,https://d2c5rvsfjg2eub.cloudfront.net/asset/208244749100/image_stu5qm3gad1g96pgi1nug9jh3g/4144024_21010_001_Metallverlaengerung_Pic.jpg
3413256,https://d2c5rvsfjg2eub.cloudfront.net/asset/208244749100/image_7a6c9nt7at1nvce0m3dfblkg69/3413256_21022_001_GE_CM_18_32_Li_Solo_RAL3002_Pic.jpg
3413263,https://d2c5rvsfjg2eub.cloudfront.net/asset/208244749100/image_d8rrp9e2o143p87vpdskq19h17/3413263_21013_001_GE_CM_18_33_2_Li_Set_Pic_rgb.png
3413155,https://d2c5rvsfjg2eub.cloudfront.net/asset/208244749100/image_0hilfbnqs974tdtuhemlj20215/3413155_21065_001.png
3413230,https://d2c5rvsfjg2eub.cloudfront.net/asset/208244749100/image_clvd3qaf9l70p8qk2drgvoq106/3413230_21054_001.png
3411125,https://d2c5rvsfjg2eub.cloudfront.net/asset/208244749100/image_3oesgp9n1d4atbn16jqb83k75d/3411125_21033_001_GC_CT_18_24_Li_Pic_RGB.png
3411197,https://d2c5rvsfjg2eub.cloudfront.net/asset/208244749100/image_rfjr3ngpht0kt9v32157gtp612/3411197_21053_001_GE_CT_18_Li_Kit_Pic_RGB.png
3410940,https://d2c5rvsfjg2eub.cloudfront.net/asset/208244749100/image_t8ckt73tv96np0vk850jf0lb2l/3410940_21011_001.png
3410683,https://d2c5rvsfjg2eub.cloudfront.net/asset/208244749100/image_eh88ffa8u96353ptgsgeefej3f/3410683_21041_001.png
3410506,-
3410581,https://d2c5rvsfjg2eub.cloudfront.net/asset/208244749100/image_eqv4erpkmt21h90oltckj4uc7f/3410581_21010_001_GC_LC_18_20_Li_T_Solo_Pic_RGB.png
4501760,https://d2c5rvsfjg2eub.cloudfront.net/asset/208244749100/image_40c8lc46cl4bf7hrdp8aifdm5u/4501760_21074_001_GE_LC_18_25_Li_Kit_Pic.jpg
2070111,https://d2c5rvsfjg2eub.cloudfront.net/asset/208244749100/image_q4ugsf9o5p4ln263bmklsanq4f/2070111_21013_001_CE_AP_18_CE_CC_18_2Ah_Kit_Pic_rgb.png
3400257,https://d2c5rvsfjg2eub.cloudfront.net/asset/208244749100/image_oqb8e54knl3a7ebsqsv8v6kq39/3400257_21044_001_GC_EM_1032_Pic.jpg
3402022,https://d2c5rvsfjg2eub.cloudfront.net/asset/208244749100/image_b532iamo8l2i37ikgielbuco3r/3402022_21021_001_GC_ET_4530_Set_RAL3002_Pic.jpg
3403460,https://d2c5rvsfjg2eub.cloudfront.net/asset/208244749100/image_ipeb05cn5d4e1bneqtma90a56p/3403460_11012_001_GC_EH_4245_RAL3002_Pic.jpg
4501710,https://d2c5rvsfjg2eub.cloudfront.net/asset/208244749100/image_am8u6r94tl3s5e626g785t8e57/4501710_21031_001_GH_EC_1835_RAL3002_Pic.jpg
4180280,https://d2c5rvsfjg2eub.cloudfront.net/asset/208244749100/image_tn9vtnl79563r3fclfkt2jvk2n/4180280_11029_001_GC_GP_6538_RAL3002_pic_rgb.png
4173190,https://d2c5rvsfjg2eub.cloudfront.net/asset/208244749100/image_de6dpnhmp105n8k3dv7ll05m1t/4173190_11029_001_GC_WW_6538_RAL3002_Pic_rgb.png
4170682,https://d2c5rvsfjg2eub.cloudfront.net/asset/208244749100/image_isn0uumjg52ulc17a13bc8qp6b/4170682_11035_001_.jpg
4181530,https://d2c5rvsfjg2eub.cloudfront.net/asset/208244749100/image_l1leq546e135hfikmsqiaq7e6l/4181530_21010_001_GC_DP_3325_RAL3002_Pic.jpg
3404870,https://d2c5rvsfjg2eub.cloudfront.net/asset/208244749100/image_e53rifvp5d6ele5r0b8si13923/3404870_21034_001_GC_PM_51_3_S_HW_E_Li_RAL3002_Pic.jpg
3405931,https://d2c5rvsfjg2eub.cloudfront.net/asset/208244749100/image_lbu32o1rvh0rrfpif9karfkt7p/3405931_21013_001_Ersatzmesser_Redaxxo_Pic.jpg
3413157,https://d2c5rvsfjg2eub.cloudfront.net/asset/208244749100/image_8g3u22pbgt4154k5v2ggl6mi35/3413157_21032_001_GE_CM_18_30_Li_Solo_RAL3002_Pic.jpg
3413266,https://d2c5rvsfjg2eub.cloudfront.net/asset/208244749100/image_or8fnhmkvd1dn7lkj1j0c9ds14/3413266_11019_001.png
3413226,https://d2c5rvsfjg2eub.cloudfront.net/asset/208244749100/image_29m2mf31mh2dd2he3cqiav5j5a/3413226_21024_001.png
3413172,https://d2c5rvsfjg2eub.cloudfront.net/asset/208244749100/image_skg7uap3uh7rh33f0s7qf00n6h/3413172_21034_001.png
3413054,https://d2c5rvsfjg2eub.cloudfront.net/asset/208244749100/image_4n8jkpf4s51s92drl923s2i017/3413054_21034_001_GE_CM_36_48_Li_M_Solo_Pic.jpg
3413275,https://d2c5rvsfjg2eub.cloudfront.net/asset/208244749100/image_hv6k2kcbe512ld4vmju6ck7q0q/3413275_21034_001.png
3414200,https://d2c5rvsfjg2eub.cloudfront.net/asset/208244749100/image_uffj91o6vd1lr3tps0r0cojt3l/3414200_21032_001_GE_HM_18_38_Li_Pic_RGB.png
3413267,https://d2c5rvsfjg2eub.cloudfront.net/asset/208244749100/image_25k6cqufgl2i5cr4hsh9ii9q37/3413267_21012_001_RASARRO_18_33_Solo_OBI_Pic.jpg
3413245,https://d2c5rvsfjg2eub.cloudfront.net/asset/208244749100/image_e2rirqo98l4pb8av0kbcbih85f/3413245_21012_001_RASARRO_36_37_Solo_OBI_RAL3002_Pic.jpg
3413246,https://d2c5rvsfjg2eub.cloudfront.net/asset/208244749100/image_gfv2gh2t5d44v6q7f2f43ltf7i/3413246_21024_001.png
3413260,https://d2c5rvsfjg2eub.cloudfront.net/asset/208244749100/image_g8e3is9he17dnbqrj5elbsjo1i/3413260_21025_001.png
3413200,https://d2c5rvsfjg2eub.cloudfront.net/asset/208244749100/image_hpuv6vs5r94hj8atb0kf8qit7m/3413200_21085_001_NEW_GP_CM_36_47_S_HW_Li_Pic.jpg
3413210,https://d2c5rvsfjg2eub.cloudfront.net/asset/208244749100/image_9pd4f6v2kd1t1c26v7suiu1f7m/3413210_11019_001.png
3413222,https://d2c5rvsfjg2eub.cloudfront.net/asset/208244749100/image_q9iaoan6m93m72ok9eujj03v5m/3413222_21035_001_RASARRO_36_34_2x3Ah_Pic.jpg
3413130,https://d2c5rvsfjg2eub.cloudfront.net/asset/208244749100/image_qi5vpv4gjp0dl6f7o7s986tq07/3413130_21084_001.png
3413134,https://d2c5rvsfjg2eub.cloudfront.net/asset/208244749100/image_2akq8hke856dh9i5bie8v0id3o/3413134_21095_001_GE_CM_43_Li_Set_Pic.jpg
3413234,https://d2c5rvsfjg2eub.cloudfront.net/asset/208244749100/image_7c9urlenvd3tp4s59hg0877r4o/3413234_21034_001.png
3413240,https://d2c5rvsfjg2eub.cloudfront.net/asset/208244749100/image_s717b5liu17n33na5vjggogv51/3413240_21034_001.png
3413272,https://d2c5rvsfjg2eub.cloudfront.net/asset/208244749100/image_pvt0udgo2t5v93ob17fl0oqe6r/3413272_21024_001.png
3413276,https://d2c5rvsfjg2eub.cloudfront.net/asset/208244749100/image_s12spovktd47h6hnjmh8gi1s49/3413276_21024_001.png
3413278,https://d2c5rvsfjg2eub.cloudfront.net/asset/208244749100/image_5vjjltkvgp3qn4h6rbn941qm7m/3413278_21024_001.png
3413282,https://d2c5rvsfjg2eub.cloudfront.net/asset/208244749100/image_ga2iu8pqk15op5gmm9deddvq4a/3413282_21035_001_RASARRO_36_36_2x3Ah_Pic.jpg
3413292,https://d2c5rvsfjg2eub.cloudfront.net/asset/208244749100/image_nesdos9vqd08ndmd8t615nlt6o/3413292_21024_001.png
3413300,https://d2c5rvsfjg2eub.cloudfront.net/asset/208244749100/image_3qfkrf1htp14h1mmf372km7644/3413300_21024_001_NEW_GP_CLM_47_S_HW_Li_5_2Ah_Discount_Pic.jpg
3413305,https://d2c5rvsfjg2eub.cloudfront.net/asset/208244749100/image_j50112g1a153r1tpcghne28g2r/3413305_21024_001_RASARRO_36_250_TOOM_Pic.jpg
3413310,https://d2c5rvsfjg2eub.cloudfront.net/asset/208244749100/image_76fplf9pj57014h0u7ginbn87l/3413310_21024_001_GP_CM_36_47_S_Li_BL_4x4Ah_Pic_RGB.png
3413320,https://d2c5rvsfjg2eub.cloudfront.net/asset/208244749100/image_neh65pu4s97njefn0gp82tei5q/3413320_21024_001_GP_CM_36_52_S_Li_BL_4x52Ah_Pic_RGB.png
3413910,https://d2c5rvsfjg2eub.cloudfront.net/asset/208244749100/image_ba04aqckct43f4qsdlril0oj5n/3413910_21043_001_GE_CM_18_Li_Set_RAL3002_Pic.jpg
4326386,-
4514430,https://d2c5rvsfjg2eub.cloudfront.net/asset/208244749100/image_ham9naq95h26ras9sjchq5f12h/4514430_21024_001_GE_CM_36_550_2x4Ah_Pic.jpg
4514435,https://d2c5rvsfjg2eub.cloudfront.net/asset/208244749100/image_0phui9tn8l3aj3gt670lnlb10a/4514435_21035_001_GE_CM_36_400_Li_M_2x3Ah_Pic.jpg
4514440,https://d2c5rvsfjg2eub.cloudfront.net/asset/208244749100/image_lds5qn8vcl3mrfl8rosi56mb3e/4514440_21035_001_GE_CM_36_300_Li_Pic.jpg
3413159,https://d2c5rvsfjg2eub.cloudfront.net/asset/208244749100/image_77b20auhg57tjdtrl3i7n73n11/3413159_21042_001_GE_CM_30_Li_CT_Set_RAL3002_Pic.jpg
3413166,https://d2c5rvsfjg2eub.cloudfront.net/asset/208244749100/image_5ghqre8khp2jta1nu7qglv003e/3413166_21043_001.png
3404553,https://d2c5rvsfjg2eub.cloudfront.net/asset/208244749100/image_t849tld56d54h5b06ajvbqrm5c/3404553_11017_001_Ersatzmesser_GE_CM_18_30_Li_Pic.jpg
3405452,https://d2c5rvsfjg2eub.cloudfront.net/asset/208244749100/image_qks45g9n1l3hbf64b0fm1agc76/3405452_11015_001_Ersatzmesser_GE_CM_33_Li_Pic.jpg
3405453,https://d2c5rvsfjg2eub.cloudfront.net/asset/208244749100/image_tq7089pd5p4tn0glfd4sth4h46/3405453_11019_001_Ersatzmesser_GE_CM_18_32_Li_Pic.jpg
3405454,https://d2c5rvsfjg2eub.cloudfront.net/asset/208244749100/image_5ctc8lmsb92t3d3l58btput169/3405454_21010_001_Ersatzmesser_RASARRO_36_42_Pic.jpg
3405455,https://d2c5rvsfjg2eub.cloudfront.net/asset/208244749100/image_ijdf9j9g6l3r79qnks56hcg155/3405455_11017_001_Ersatzmesser_GE_CM_36_47_HW_Li_Pic.jpg
3405456,https://d2c5rvsfjg2eub.cloudfront.net/asset/208244749100/image_8ad5mra3dp2fn0k6q3fuibhh47/3405456_21011_001_Ersatzmesser_GE_CM_36_48_Li_Pic.jpg
3405485,https://d2c5rvsfjg2eub.cloudfront.net/asset/208244749100/image_ouafj97rcp69h0b8bp7aobfs6p/3405485_11012_001_Ersatzmesser_GE_CM_36_Li_Pic.jpg
3405486,https://d2c5rvsfjg2eub.cloudfront.net/asset/208244749100/image_i9tc9779l96ip7t3388236i853/3405486_11018_001_Ersatzmesser_GE_CM_36_37_38_Pic.jpg
3405451,https://d2c5rvsfjg2eub.cloudfront.net/asset/208244749100/image_ikl59djjjp5k1ckkli89h9570h/3405451_11015_001_Ersatzmesser_GE_CM_43_Li_Pic.jpg
3413811,https://d2c5rvsfjg2eub.cloudfront.net/asset/208244749100/image_acp7l5m1a17j1df133mg09uj3n/3413811_21033_001.png
3413991,https://d2c5rvsfjg2eub.cloudfront.net/asset/208244749100/image_9h993oq0913r95f5teisdjjt4o/3413991_21033_001.png
4326368,https://d2c5rvsfjg2eub.cloudfront.net/asset/208244749100/image_86j1mplo854sn5cs80jpl5j47o/4326368_21053_001_FREELEXO_1200_LCD_BT_Pic_RGB.png
3414020,https://d2c5rvsfjg2eub.cloudfront.net/asset/208244749100/image_4u4n5ndv491v5dpbei3a88u05p/3414020_11019_001_Ersatzklingen_Pic.jpg
3414021,https://d2c5rvsfjg2eub.cloudfront.net/asset/208244749100/image_rhjk9alnd95qdcdj5in6nf7n5j/3414021_11019_001_Begrenzungsdraht_50m.jpg
3414022,https://d2c5rvsfjg2eub.cloudfront.net/asset/208244749100/image_84vgdd3seh4odceej3v78ld90l/3414022_11019_001_Verbindungsklemmen_Pic.jpg
3414023,https://d2c5rvsfjg2eub.cloudfront.net/asset/208244749100/image_li667ndrd54q38o86gof9bfq3v/3414023_11019_001_Begrenzungshaken_Pic.jpg
3414024,https://d2c5rvsfjg2eub.cloudfront.net/asset/208244749100/image_h39k7qol2l79nccussgm2s394k/3414024_21010_001_MaehroboterGarage_RAL3002_Pic.jpg
3415410,https://d2c5rvsfjg2eub.cloudfront.net/asset/208244749100/image_1n75e7l3fh0mrfh81n60af930a/3415410_11018_001_GE_US_18_Li_Solo_Pic_RGB.png
3415430,https://d2c5rvsfjg2eub.cloudfront.net/asset/208244749100/image_eho98h65ep3s91tdo3l71ac04a/3415430_21013_001_GE_SR_18_22_Solo_Pic_rgb.png
3411104,https://d2c5rvsfjg2eub.cloudfront.net/asset/208244749100/image_ho3gfu155p24v2q29kjalkoi69/3411104_11018_001_GC_CT_18_24_Li_P_solo_RAL3002_Pic.jpg
3411123,https://d2c5rvsfjg2eub.cloudfront.net/asset/208244749100/image_88m3te57qt59n9eoj4pn0qje28/3411123_11017_001_GC_CT_18_24_Li_Solo_Pic_RGB.png
3411172,https://d2c5rvsfjg2eub.cloudfront.net/asset/208244749100/image_2bcf75q7ih17r7611n37t8p254/3411172_21051_001.png
3411212,https://d2c5rvsfjg2eub.cloudfront.net/asset/208244749100/image_kstasil0vt6jj9le3l4pdmkn7j/3411212_21024_001_GE_CT_18_28_Li_TC_Solo_Pic.jpg
3411242,https://d2c5rvsfjg2eub.cloudfront.net/asset/208244749100/image_23dia896d50u96qda6g49gj06c/3411242_21024_001.png
3411250,https://d2c5rvsfjg2eub.cloudfront.net/asset/208244749100/image_1m7us3oddh137aus2cvaa1931b/3411250_21010_001.png
3411270,https://d2c5rvsfjg2eub.cloudfront.net/asset/208244749100/image_48i10ojpm57df2ks3h1n2rsb00/3411270_21012_001_GE_CT_18_33_Li_E_Solo_Pic_RGB.png
3411300,https://d2c5rvsfjg2eub.cloudfront.net/asset/208244749100/image_upl9a0jhrd6ot9ps0t0vb30o1g/3411300_21021_001.jpg
3411330,https://d2c5rvsfjg2eub.cloudfront.net/asset/208244749100/image_pbpd69llpd22740mii9gipq85q/3411330_21012_001_GP_CT_36_35_Li_BL_Solo_Pic_RGB.png
3411102,https://d2c5rvsfjg2eub.cloudfront.net/asset/208244749100/image_jveofippul1dp6p65oskh5am52/3411102_11017_001_GC_CT_18_24_Li_P_RAL3002_RAL3002_Pic.jpg
3411244,https://d2c5rvsfjg2eub.cloudfront.net/asset/208244749100/image_qp6r8aotg57hb42u5jamp43140/3411244_21034_001_GE_CT_18_28_Li_Kit_2Ah_Pic.jpg
4326460,-
4514425,https://d2c5rvsfjg2eub.cloudfront.net/asset/208244749100/image_cl7eturagl1k33o8o8514lk477/4514425_21013_001_GC_CT_18_26_Li_Kit_Pic.jpg
3405116,https://d2c5rvsfjg2eub.cloudfront.net/asset/208244749100/image_6iivgc2k090p7bq0g7uaqr551c/3405116_21010_001_GE_CT_18_28_Pic.jpg
3405117,https://d2c5rvsfjg2eub.cloudfront.net/asset/208244749100/image_qonmud1mot47p0t3i0jojp7q6r/3405117_21011_001_Ersatzfadenspule_GE_CT_18_30_Pic.jpg
3405730,https://d2c5rvsfjg2eub.cloudfront.net/asset/208244749100/image_rvo1vusaap2m1aptrhog77301p/3405730_01019_001_Ersatzmesser-Set_BG-CT_18_Li.jpg
3405736,https://d2c5rvsfjg2eub.cloudfront.net/asset/208244749100/image_v8p4j262rt7rd81uc91o57cq4p/3405736_11019_001_Ersatzmesser_Box_PXC_Trimmer_Pic.jpg
3405096,https://d2c5rvsfjg2eub.cloudfront.net/asset/208244749100/image_jr14p7eish61n3u9bv0g7i8c5p/3405096_21023_001_Ersatzfadenspule_GE_CT_36_30_Li_E_Pic.jpg
3405101,https://d2c5rvsfjg2eub.cloudfront.net/asset/208244749100/image_vg17k2n7a94kd7fk4ue5cecs6s/3405101_21010_001_Ersatzmesser GE_LE_18_190_Pic.jpg
3405102,https://d2c5rvsfjg2eub.cloudfront.net/asset/208244749100/image_52qrq8bo1t6otdm8lp6al8n85p/3405102_21013_001_Ersatzfadenspule_GE_LM_36_4in1_Li_Pic.jpg
3411310,https://d2c5rvsfjg2eub.cloudfront.net/asset/208244749100/image_n7m936p1bp72v2atjnkbah0e5o/3411310_21023_001_AGILLO_18_200_Pic_RGB.png
3411320,https://d2c5rvsfjg2eub.cloudfront.net/asset/208244749100/image_97d67aqldh70dfj7iqli25js6p/3411320_21043_001_Agillo_36_255_BL_Solo_Pic_RGB.png
4326380,https://d2c5rvsfjg2eub.cloudfront.net/asset/208244749100/image_j50u7pmu7d3sd609pu18afs83g/4326380_21010_001_AGILLO_18_200_Kit _1x4_0Ah_Pic.jpg
3405082,https://d2c5rvsfjg2eub.cloudfront.net/asset/208244749100/image_idg0967h853ed19vtgta3jqk68/3405082_11017_001_Dickichtmesser_255_Pic.jpg
3405083,https://d2c5rvsfjg2eub.cloudfront.net/asset/208244749100/image_p8pv2d7kbt41b7ttovlaa9kr14/3405083_21010_001_Dickichtmesser_200_Pic.jpg
3424300,https://d2c5rvsfjg2eub.cloudfront.net/asset/208244749100/image_70f06v36s54jp2mn5c3ej5ha3g/3424300_21034_001_GE_LE_18_190_Li_Solo_Pic.jpg
3410382,https://d2c5rvsfjg2eub.cloudfront.net/asset/208244749100/image_dut8tneu111ffde105nn6hj963/3410382_21021_001_GC_CG_18_1_Li_Solo_RAL3002_Pic.jpg
3410370,https://d2c5rvsfjg2eub.cloudfront.net/asset/208244749100/image_dcdbo8nhbh3m3e65a5cq4a4f24/3410370_21021_001_GC_CG_18_Li_Solo_RAL3002_Pic.jpg
3410313,https://d2c5rvsfjg2eub.cloudfront.net/asset/208244749100/image_5sv3eeq9kd48t7optr432k3723/3410313_21010_001.png
3410310,https://d2c5rvsfjg2eub.cloudfront.net/asset/208244749100/image_9bvqs2k73l33v4umbcji5f6g5r/3410310_21010_001.png
3424050,https://d2c5rvsfjg2eub.cloudfront.net/asset/208244749100/image_75fobtcia17776pufmrpkocc1u/3424050_21021_001_GC_CC_18_Li_Solo_RAL3002_Pic.jpg
3417011,https://d2c5rvsfjg2eub.cloudfront.net/asset/208244749100/image_8vu0chqkdh5sh1bjvga7lm4k19/3417011_21022_001_GE_ST_36_40_Li_E_Solo_Pic.jpg
3424200,https://d2c5rvsfjg2eub.cloudfront.net/asset/208244749100/image_fqlkvsd4vt4k78balc5u4erl4u/3424200_21043_001.jpg
3424220,https://d2c5rvsfjg2eub.cloudfront.net/asset/208244749100/image_qardf5dtvt4p1820ikveb21h1i/3424220_21012_001_Picobella_18_90_Pic_RGB.png
3424051,https://d2c5rvsfjg2eub.cloudfront.net/asset/208244749100/image_imcmao73n14of3ss5anntbum1s/3424051_21031_001_GC_CC_18_Li_Kit_Pic_RGB.png
3424130,https://d2c5rvsfjg2eub.cloudfront.net/asset/208244749100/image_btoe3ut05p56166l8vn04rmi79/3424130_21013_001_Buerste_SOFT_170_40_Pic_rgb.png
3424131,https://d2c5rvsfjg2eub.cloudfront.net/asset/208244749100/image_nb5gjghpip6anb5bnomcufc32u/3424131_21013_001_Buerste_SOFT_120_50_Pic_rgb.png
3424132,https://d2c5rvsfjg2eub.cloudfront.net/asset/208244749100/image_eeac3hr7tp1sr2g0f8222sqo1v/3424132_21013_001_Buerste_MEDIUM_90_20_Pic_rgb.png
3424133,https://d2c5rvsfjg2eub.cloudfront.net/asset/208244749100/image_effufmb8lh31b8sc0ncqmev20d/3424133_21013_001_Buerste_ULTRA_95_25_Messing_Pic_rgb.png
3424134,https://d2c5rvsfjg2eub.cloudfront.net/asset/208244749100/image_am1nu039hp1il9aphm5n96rn2v/3424134_21013_001_Reinigungspad_Set_Pic_rgb.png
3424120,https://d2c5rvsfjg2eub.cloudfront.net/asset/208244749100/image_js66cp58hp5op5ihi182s2mk2n/3424120_11019_001_Buerste_MEDIUM_Pic.jpg
3424121,https://d2c5rvsfjg2eub.cloudfront.net/asset/208244749100/image_b3uc6i5dod0l7an31udmhuor3n/3424121_11019_001_Buerste_SOFT_Pic.jpg
3424122,https://d2c5rvsfjg2eub.cloudfront.net/asset/208244749100/image_f56lr3uh814kr0eh9j6df4tf0d/3424122_11019_001_Buerste_ULTRA_Pic.jpg
3424126,https://d2c5rvsfjg2eub.cloudfront.net/asset/208244749100/image_n4a52fm7al3ej9q3i8a10mjc7n/3424126_21011_001_Seitenbuerste_ULTRA_Pic.jpg
3420604,https://d2c5rvsfjg2eub.cloudfront.net/asset/208244749100/image_a675a4345h7ufb5ip3mjqq5l01/3420604_21010_001.png
3420660,https://d2c5rvsfjg2eub.cloudfront.net/asset/208244749100/image_4p9i1okpt90gnb3jfggf5l764t/3420660_11029_001.png
3420680,https://d2c5rvsfjg2eub.cloudfront.net/asset/208244749100/image_0ej02qbmn13c1c5qm5idqlp10p/3420680_21011_001.png
3420685,https://d2c5rvsfjg2eub.cloudfront.net/asset/208244749100/image_uf309dts8h2p32l0q06hlo552s/3420685_21011_001.png
3405571,https://d2c5rvsfjg2eub.cloudfront.net/asset/208244749100/image_3njnas7s4l27jcm2uph4oman63/3405571_11015_001_Luefterwalze_GE_SC_35_Li_Pic.jpg
3405576,https://d2c5rvsfjg2eub.cloudfront.net/asset/208244749100/image_2em84744al0tnelucc58qoa920/3405576_11015_001_Fangkorb_GE_SC_35__Li_Pic.jpg
3405940,https://d2c5rvsfjg2eub.cloudfront.net/asset/208244749100/image_k9ma9fqqi96i5997g08jv5bh31/3405940_21010_001_Fangsack_GC_SC_18_28_Li_Pic.jpg
3405941,https://d2c5rvsfjg2eub.cloudfront.net/asset/208244749100/image_6uc2tmbd9h1sraifkt9befmj4q/3405941_21010_001_Luefterwalze_GC_SC_18_28_Li_Pic.jpg
3405942,https://d2c5rvsfjg2eub.cloudfront.net/asset/208244749100/image_a5kgq3958p6u78klmirtm0bm7t/3405942_21010_001_Messerwalze_GC_SC_18_28_Li_Pic.jpg
3405960,https://d2c5rvsfjg2eub.cloudfront.net/asset/208244749100/image_shbhnu2vkh30b9q1ask225k47m/3405960_21012_001_Fangsack_GE_SC_36_35_Li_RAL3002_Pic.jpg
3405961,https://d2c5rvsfjg2eub.cloudfront.net/asset/208244749100/image_qhauorr5p508t4l99j3b6suq6j/3405961_21012_001_Luefterwalze_GE_SC_36_35_Li_Pic.jpg
3405962,https://d2c5rvsfjg2eub.cloudfront.net/asset/208244749100/image_6tuvep0ood2ph0k99rcq296922/3405962_21012_001_Messerwalze_GE_SC_36_35_Li_Pic.jpg
3437000,https://d2c5rvsfjg2eub.cloudfront.net/asset/208244749100/image_1l6a7lhd9p2rdes1l2sip7j41r/3437000_21010_001.png
3437010,https://d2c5rvsfjg2eub.cloudfront.net/asset/208244749100/image_sa79banf3p5qn79dc4mq6qt871/3437010_21010_001_Erdbohrer_Pic.jpg
3437011,https://d2c5rvsfjg2eub.cloudfront.net/asset/208244749100/image_ekc1870ncd1ij3tihhadhi7l22/3437011_21010_001_Moertelruehrer_Pic.jpg
3437012,https://d2c5rvsfjg2eub.cloudfront.net/asset/208244749100/image_m0lq3iq96d659aefd7g9069b4j/3437012_21010_001_Verlaengerung_Pic.jpg
3431200,https://d2c5rvsfjg2eub.cloudfront.net/asset/208244749100/image_frh38f30k55jj9nobq27k53n41/3431200_21031_001.png
3431210,https://d2c5rvsfjg2eub.cloudfront.net/asset/208244749100/image_avc8buqcmd78b8dpampq5k5f23/3431210_21022_001.png
3431220,https://d2c5rvsfjg2eub.cloudfront.net/asset/208244749100/image_cva18b1l197sl93iv38e5gsk79/3431220_21013_001_GP_CR_36_45_Li_E_BL_Solo_Pic_RGB.png
4326553,-
3433532,https://d2c5rvsfjg2eub.cloudfront.net/asset/208244749100/image_ao0l13j3vd2it9k11is196ji7t/3433532_21021_001_GC_CL_18_Li_E_Solo_Pic_RGB.png
3433541,https://d2c5rvsfjg2eub.cloudfront.net/asset/208244749100/image_bpeunggbh56r9f80oo6r2pk305/3433541_21021_001.png
3433542,https://d2c5rvsfjg2eub.cloudfront.net/asset/208244749100/image_57muk3nked7s9bfiku63ubfq46/3433542_21010_001_GE_UB_18_250_Li_E_Solo_RAL3002_Pic.jpg
3433550,https://d2c5rvsfjg2eub.cloudfront.net/asset/208244749100/image_crlub57r0t7mpdplsm7lb9830d/3433550_21023_001.png
3433555,https://d2c5rvsfjg2eub.cloudfront.net/asset/208244749100/image_7287hdbf4l3fva9e7oqffmmm0e/3433555_21023_001.png
3433620,https://d2c5rvsfjg2eub.cloudfront.net/asset/208244749100/image_c7g5o2qc2p7bra5k933c1nfo3p/3433620_21021_001.png
3433600,https://d2c5rvsfjg2eub.cloudfront.net/asset/208244749100/image_c5dh9rvucp3jvfe1fem6263p6m/3433600_21031_001.jpg
3433625,https://d2c5rvsfjg2eub.cloudfront.net/asset/208244749100/image_gbmg3cv2vd4kp95bbtumleuq3s/3433625_21011_001.jpg
3433630,https://d2c5rvsfjg2eub.cloudfront.net/asset/208244749100/image_eo2l930p4d1v501dnatt80bj6p/3433630_21021_001.png
3433640,https://d2c5rvsfjg2eub.cloudfront.net/asset/208244749100/image_pgin1335lp4uf1dtvcdn4hqf1i/3433640_21011_001.png
3433533,https://d2c5rvsfjg2eub.cloudfront.net/asset/208244749100/image_jtsf3labt57b55m1igvmj1ar66/3433533_21021_001_GC_CL_18_Li_E_Kit_RAL3002_Pic.jpg
3433545,https://d2c5rvsfjg2eub.cloudfront.net/asset/208244749100/image_ctmmo7kt7h4uhfs4gbiupv2u2f/3433545_21012_001_GE_ULB_18_Li_E_Kit_2Ah_RAL3002_Pic.jpg
4326373,"https://d2c5rvsfjg2eub.cloudfront.net/asset/208244749100/image_158q9u873t1op3m7idn9dlnp3l/4326373_21010_01_GE_CL_36_Li_E_Kit (2x3,0Ah)_RAL3002_Pic.jpg"
3433559,https://d2c5rvsfjg2eub.cloudfront.net/asset/208244749100/image_etshpqoi9p6cl43c2a871q4m5j/3433559_21011_GutterKit_Pant_RAL3002_Pic.jpg
3410642,https://d2c5rvsfjg2eub.cloudfront.net/asset/208244749100/image_tom1ga1fg91l5ckfruim3j497u/3410642_21041_001.png
3410920,https://d2c5rvsfjg2eub.cloudfront.net/asset/208244749100/image_f07tcddag964d7opfeu6cvc032/3410920_21042_001.png
3410930,https://d2c5rvsfjg2eub.cloudfront.net/asset/208244749100/image_fuhjs6mb3t1ahdkqlhi8pf690b/3410930_21032_001.png
3410935,https://d2c5rvsfjg2eub.cloudfront.net/asset/208244749100/image_kvjud9i1ll3vnakm7348j8v92a/3410935_21013_001_GP_CH_18_61_Li_BL_Solo_Pic_RGB.png
3410945,https://d2c5rvsfjg2eub.cloudfront.net/asset/208244749100/image_6otur8ltlt4sh8nfmeg2crdm31/3410945_21011_001_GC_CH_18_50_Li_Solo_Pic_RGB.png
3410960,https://d2c5rvsfjg2eub.cloudfront.net/asset/208244749100/image_bmfu7logid4uh4d5dpjb06fb2e/3410960_21034_001.jpg
3410965,https://d2c5rvsfjg2eub.cloudfront.net/asset/208244749100/image_pb7getbr1d3ed8d0crjiec4454/3410965_21022_001_GE_CH_36_61_1_Li_Solo_Pic_RGB.png
3410502,https://d2c5rvsfjg2eub.cloudfront.net/asset/208244749100/image_bv87hfbq152qb0l1dlnn9o7t61/3410502_21041_001.png
4514420,https://d2c5rvsfjg2eub.cloudfront.net/asset/208244749100/image_58758vusm12hl09d3mse1iqb1e/4514420_21013_001_GC_CH_18_50_Li_Pic.jpg
3403099,https://d2c5rvsfjg2eub.cloudfront.net/asset/208244749100/image_mpdcq36f7l4ih2elpmjmtq6132/3403099_21010_Maintenance_Spray_001.jpg
3410810,https://d2c5rvsfjg2eub.cloudfront.net/asset/208244749100/image_069ie0lpvt73p752n8qddg574q/3410810_21021_001_GE_LC_18_Li_T_Solo_RAL3002_Pic.jpg
3410800,https://d2c5rvsfjg2eub.cloudfront.net/asset/208244749100/image_i3pkdc43cd7n3dk9cf0fe0vm74/3410800_21021_001.png
3410901,https://d2c5rvsfjg2eub.cloudfront.net/asset/208244749100/image_pcqvln8sch1tl9sum83cqmmm0t/3410901_21023_001_GE_LM_36_4in1_Li_Solo_RAL3002_Pic_rgb.png
3410585,https://d2c5rvsfjg2eub.cloudfront.net/asset/208244749100/image_gbg6i2abp55ol7pfvikak3ne31/3410585_21023_001_GC_HH_18_45_Li_T_Solo_Pic_rgb.png
3410866,https://d2c5rvsfjg2eub.cloudfront.net/asset/208244749100/image_vcdukoqh9t6at87092surj6l6m/3410866_21021_001.png
3411400,https://d2c5rvsfjg2eub.cloudfront.net/asset/208244749100/image_gc0tfsbv3554tdkd0ladb93v6j/3411400_21012_001_GE_FS_18_53_Li_Solo_Pic_RGB.png
3410805,https://d2c5rvsfjg2eub.cloudfront.net/asset/208244749100/image_so0h2425cd453aa3terclons0k/3410805_21031_001_GE_HC_18_Li_T_Kit_RAL3002_Pic.jpg
3410818,https://d2c5rvsfjg2eub.cloudfront.net/asset/208244749100/image_8v7jhno1fh367boguqjd4a6l74/3410818_11016_001_Heckensch_f_GE_LC_18_Li_T_RAL3002_Pic.jpg
3410835,https://d2c5rvsfjg2eub.cloudfront.net/asset/208244749100/image_32oo551ocd03pdtgmi5dr7ke1b/3410835_11016_001_Hochentaster_f_GE_HH_18_Li_T_RAL2003_Pic.jpg
3405231,https://d2c5rvsfjg2eub.cloudfront.net/asset/208244749100/image_ogk4j25lbd7gj67mt2o8jtg07b/3405231_21013_001_Ersatzzinken_PXC_Obstruettler_Pic.jpg
3425210,https://d2c5rvsfjg2eub.cloudfront.net/asset/208244749100/image_04o1otqqft541fo310fp6ktu1r/3425210_21023_001_GE_WS_18_35_Li_Solo_Pic.jpg
3425220,https://d2c5rvsfjg2eub.cloudfront.net/asset/208244749100/image_7tnsnek2lt74577mv91fc4bi2r/3425220_21023_001_GE_WS_18_75_Li_Solo_Pic.jpg
3425230,https://d2c5rvsfjg2eub.cloudfront.net/asset/208244749100/image_0vmua6g1g100j98e5buodcfk2u/3425230_21033_001_GE_WS_18_150_Li_Solo_RAL3002_Pic.jpg
3425240,https://d2c5rvsfjg2eub.cloudfront.net/asset/208244749100/image_2voior2ead71l7jh7dnuvvhl72/3425240_21012_001_GE_WS_18_10_Li_Solo_RAL3002_Pic.jpg
3425205,https://d2c5rvsfjg2eub.cloudfront.net/asset/208244749100/image_dmgjdp5n1d7p56k34clrdc2j41/3425205_21011_001_Sprueher_Zubehoer_Kit_Pic.jpg
3425206,https://d2c5rvsfjg2eub.cloudfront.net/asset/208244749100/image_njisi7gop15j79u92hragabc6s/3425206_21011_001_Tank_7_5_L_Pic.jpg
4501761,https://d2c5rvsfjg2eub.cloudfront.net/asset/208244749100/image_6hhfm7rus97v116u26a6lthk3t/4501761_21034_001_GE_LC_18_25_Li_Solo_Pic_RGB.png
4501780,https://d2c5rvsfjg2eub.cloudfront.net/asset/208244749100/image_iq6o03jve106n11ejv9qgus71r/4501780_21021_001.png
4600010,https://d2c5rvsfjg2eub.cloudfront.net/asset/208244749100/image_v2o0tvq81p2iff3sjl47etol11/4600010_21034_001.png
4499940,https://d2c5rvsfjg2eub.cloudfront.net/asset/208244749100/image_jh5l1f7d8t2ib8hsmrvdagk93t/4499940_21031_001_GE_CS_18_Li_Solo_RAL3002_Pic.jpg
4600020,https://d2c5rvsfjg2eub.cloudfront.net/asset/208244749100/image_tkiafm4sj10dt5hm75r6esjs3d/4600020_21011_001.png
4600040,https://d2c5rvsfjg2eub.cloudfront.net/asset/208244749100/image_khf0ui495t0qr1a3eubg7kl641/4600040_21012_001_GE_PS_18_15_Li_BL_Pic_RGB.png
4501777,https://d2c5rvsfjg2eub.cloudfront.net/asset/208244749100/image_a1q70009tp1n560604vqbjhr7l/4501777_21024_001_GE_LC_18_25_Li_Set_Pic.jpg
4600012,-
3408290,https://d2c5rvsfjg2eub.cloudfront.net/asset/208244749100/image_sgipkfh2fh6mrfd3i6dr7ss15s/3408290_21023_001_GE_GS_18_150_Li_Solo_Pic_RGB.png
3408300,https://d2c5rvsfjg2eub.cloudfront.net/asset/208244749100/image_q8jak37cc56814hegn5spidt14/3408300_21032_001_GE_LS_18_Li_Solo_Pic_RGB.png
3430710,https://d2c5rvsfjg2eub.cloudfront.net/asset/208244749100/image_85fm7ljslh44v98iut7ctuci0l/3430710_21012_001_REDAXXO_36_25_Pic_RGB.png
3408310,https://d2c5rvsfjg2eub.cloudfront.net/asset/208244749100/image_qv5j8aiv5l44l1huav21gie93s/3408310_21010_001_GE_PB_36_18_Li_Pic.jpg
4180400,https://d2c5rvsfjg2eub.cloudfront.net/asset/208244749100/image_umbjj3hdnt0q11d2i9ks14kr1m/4180400_21031_001.png
4180410,https://d2c5rvsfjg2eub.cloudfront.net/asset/208244749100/image_ng7f9nmov52glfh39mvvju4u7v/4180410_21012_001.png
4180430,https://d2c5rvsfjg2eub.cloudfront.net/asset/208244749100/image_5c094vjlkh14hf5dmiprg09e7v/4180430_21012_001.png
4180440,https://d2c5rvsfjg2eub.cloudfront.net/asset/208244749100/image_8kf0almfkd0nf17uiae34m867e/4180440_21012_001_Aquinna_18_28_RAL3002_Pic.jpg
4180450,https://d2c5rvsfjg2eub.cloudfront.net/asset/208244749100/image_k60d07saj90lp0ed0lupmp026r/4180450_21013_001_AQUINNA_36_34_Pic_RGB.png
4180420,https://d2c5rvsfjg2eub.cloudfront.net/asset/208244749100/image_85olia2obd00v17ock0k3c8s4a/4180420_21012_001.png
4170429,https://d2c5rvsfjg2eub.cloudfront.net/asset/208244749100/image_pjrgbngtd976389keb9gh5cc53/4170429_21021_001_GE_PP_18_RB_Li_Solo_RAL3002_Pic.jpg
4181500,https://d2c5rvsfjg2eub.cloudfront.net/asset/208244749100/image_ojtj60d7l94052kmkp9jqo3c01/4181500_21021_001.png
4181560,https://d2c5rvsfjg2eub.cloudfront.net/asset/208244749100/image_f267ql4gdh6sledso45apnnt6p/4181560_21011_001.png
4181561,https://d2c5rvsfjg2eub.cloudfront.net/asset/208244749100/image_mo8325efnh4st6asrp2krug90g/4181561_21011_001.png
4181580,https://d2c5rvsfjg2eub.cloudfront.net/asset/208244749100/image_m7s4a2i05l69p1114jrenklm1r/4181580_21011_001.png
4181590,https://d2c5rvsfjg2eub.cloudfront.net/asset/208244749100/image_o95m472opd70h26sagmv1reb52/4181590_21012_001.png
4173770,https://d2c5rvsfjg2eub.cloudfront.net/asset/208244749100/image_uck0cu5ic52dtcmk4qn9e0aa3r/4173770_21013_001_GE_HR_18_30_Li_Solo_RGB.png
4173771,https://d2c5rvsfjg2eub.cloudfront.net/asset/208244749100/image_um1poq6ofl54jca2p94hlhbi2d/4173771_21013_GE_HR_18_30_WH_Li_Solo_Pic_RGB.png
4173772,https://d2c5rvsfjg2eub.cloudfront.net/asset/208244749100/image_2audbsq0j17dlfcn1q98fb9d3v/4173772_21013_001_hose_transport_trolley_Pic_RGB.png
2093301,https://d2c5rvsfjg2eub.cloudfront.net/asset/208244749100/image_ndl3q5p8o17p16a9e63rec2f2g/2093301_11017_001_CE_CB_18_254_Li_Solo_Pic_RGB.png
2093320,https://d2c5rvsfjg2eub.cloudfront.net/asset/208244749100/image_qh2sph3na97tf8a3jcoa2v2q7m/2093320_21021_001_GE_CP_18_180_Li_E_Solo_Pic_RGB.png
2093095,https://d2c5rvsfjg2eub.cloudfront.net/asset/208244749100/image_lahkvo8edp2653gqkl4jc8ha39/2093095_11017_001_Polierhauben_Pic.jpg
2093233,https://d2c5rvsfjg2eub.cloudfront.net/asset/208244749100/image_u2lavpvi0h70ndhim6cpf35h60/2093233_21030_001_Polier_Schleifzubehoer_GE_CP_18_180_Li_Pic.jpg
2070110,https://d2c5rvsfjg2eub.cloudfront.net/asset/208244749100/image_t5esc2i35t5vh6h3es6jl6se4d/2070110_21010_001_CE_AP_18_Li_Solo_Pic.jpg
2071010,https://d2c5rvsfjg2eub.cloudfront.net/asset/208244749100/image_n7pa00gom94pb5hj7b3kg85k0q/2071010_21010_001_CE_CC_18_Li_Solo_Pic_RGB.png
2330805,https://d2c5rvsfjg2eub.cloudfront.net/asset/208244749100/image_1j6pukmu5d0br89vhf4c59lg38/2330805_11018_001_GE_HG_18_370_Niro_Li_Solo_RAL3002_Pic.jpg
3408035,https://d2c5rvsfjg2eub.cloudfront.net/asset/208244749100/image_06fc46g1nd34t2rmh91696or1p/3408035_21011_001_GE_CF_18_2200_Li_RAL3002_Pic.jpg
4326458,-
3404333,https://d2c5rvsfjg2eub.cloudfront.net/asset/208244749100/image_dhaf8uhvat1njev73vv3ah5v4h/3404333_21024_001_GC_PM_51_3_S_HW_Pic.jpg
3404823,https://d2c5rvsfjg2eub.cloudfront.net/asset/208244749100/image_s6r1ihebb57uj46l9qodn2lm38/3404823_21011_001_GC_PM_40_2_S_RAL3002_Pic.jpg
3404833,https://d2c5rvsfjg2eub.cloudfront.net/asset/208244749100/image_qff6gjfeld2ot0eivgho7id14g/3404833_21011_001_GC_PM_40_2_RAL3002_Pic.jpg
3404860,https://d2c5rvsfjg2eub.cloudfront.net/asset/208244749100/image_6a6l72ddvd22lb6d785bslfv3h/3404860_11019_001_GC_PM_56_2_S_HW_RAL3002_Pic.jpg
3407550,https://d2c5rvsfjg2eub.cloudfront.net/asset/208244749100/image_78r1jpl6mh65vcni3gva3dds53/3407550_21011_001_GC_PM_46_5_S_RAL3002_Pic.jpg
3407570,https://d2c5rvsfjg2eub.cloudfront.net/asset/208244749100/image_ku0li2e4bd6b73c2d6vev60d4t/3407570_21024_001_GC_PM_46_S_HW_E_Pic.jpg
3403098,https://d2c5rvsfjg2eub.cloudfront.net/asset/208244749100/image_tpeo2au7g551348pshqcg70q27/3403098_21011_001_Starthilfspray_RAL3002_Pic.jpg
3405650,https://d2c5rvsfjg2eub.cloudfront.net/asset/208244749100/image_bdjf7ej7dp6jn34hj599434g2i/3405650_21020_001_Kombimesser_GC_PM_51_3_S_HW_Pic.jpg
3405660,https://d2c5rvsfjg2eub.cloudfront.net/asset/208244749100/image_smcchsgsnp74b0la27i2jemb3l/3405660_11014_001_Ersatzmesser_GC_PM_51_2_S_HW.jpg
3405670,https://d2c5rvsfjg2eub.cloudfront.net/asset/208244749100/image_loip1bdfeh4nvabg76pksnpb4i/3405670_21020_001_Kombimesser_GC_PM_46_4_S_HW_Pic.jpg
3405785,https://d2c5rvsfjg2eub.cloudfront.net/asset/208244749100/image_u52mj52hdh7mdcoct3bpratc68/3405785_11013_001_Ersatzmesser_fuer_GC_PM_46_1_B&S.jpg
3405850,https://d2c5rvsfjg2eub.cloudfront.net/asset/208244749100/image_0nbcd571dl0m144jg5v0k7064r/3405850_11018_001_Ersatzmesser_GC_PM_40_Pant_Pic.jpg
3400070,https://d2c5rvsfjg2eub.cloudfront.net/asset/208244749100/image_g4qc5bikhl63j1d2cgb6ihk45o/3400070_21012_001_GC_EM_1000_32_Pic_RGB.png
3400080,https://d2c5rvsfjg2eub.cloudfront.net/asset/208244749100/image_6mqn0448dd66reh56hd2lh3175/3400080_21012_001_GC_EM_1600_37_Pic_RGB.png
3400090,https://d2c5rvsfjg2eub.cloudfront.net/asset/208244749100/image_vtrmceb2ct5b1alrc4dtn41n4d/3400090_21012_001_GC_EM_1800_43_Pic_RGB.png
3400160,https://d2c5rvsfjg2eub.cloudfront.net/asset/208244749100/image_bfskpl7a112352f29tvgv8c93k/3400160_21041_001_GC_EM_1700_42_RAL3002_Pic.jpg
3405410,https://d2c5rvsfjg2eub.cloudfront.net/asset/208244749100/image_m4tpfjnbel083flj4u7s365v1m/3405410_11019_001_Ersatzmesser_GC_EM_1032_Pic.jpg
3405415,https://d2c5rvsfjg2eub.cloudfront.net/asset/208244749100/image_7hkgv7mta52dd0qap1g2r8ia6p/3405415_21012_001_Ersatzmesser_GC_EM_1000_32_Pic.jpg
3405420,https://d2c5rvsfjg2eub.cloudfront.net/asset/208244749100/image_3c3ngila9t1gbetmjqpjj4980q/3405420_11014_001_Ersatzmesser_GC_EM_1030_Pic.jpg
3405430,https://d2c5rvsfjg2eub.cloudfront.net/asset/208244749100/image_afb0cnn7ht08r6tp7o6h42u271/3405430_11013_001_Ersatzmesser_GC_EM_1536_Pic.jpg
3405435,https://d2c5rvsfjg2eub.cloudfront.net/asset/208244749100/image_h119oui88902v8ro6rrdj3dr6s/3405435_21012_001_Ersatzmesser_GC_EM_1600_37_Pic.jpg
3405440,https://d2c5rvsfjg2eub.cloudfront.net/asset/208244749100/image_bjv5vpt9np7vhc3q6ppnltkt2r/3405440_11013_001_Ersatzmesser_GC_EM_1742_Pic.jpg
3405460,https://d2c5rvsfjg2eub.cloudfront.net/asset/208244749100/image_u75qdm7ldl3gp12jc6m1du8u5o/3405460_11010_001.jpg
3405600,https://d2c5rvsfjg2eub.cloudfront.net/asset/208244749100/image_31bfp6m8bh5et0qjhgttn1h40m/3405600_01017_001.jpg
3405605,https://d2c5rvsfjg2eub.cloudfront.net/asset/208244749100/image_5djgfkdaj12f3cl6chohfqid1i/3405605_01017_001.jpg
3405610,https://d2c5rvsfjg2eub.cloudfront.net/asset/208244749100/image_siurtpmhf55cn9pk5i7gtkkv19/3405610_01017_001.jpg
3405970,https://d2c5rvsfjg2eub.cloudfront.net/asset/208244749100/image_qi8jspsqrt4fr4grdgnc2kdh3p/3405970_21013_001_Ersatzmesser_GP_CM_36_47_Pic.jpg
3405980,https://d2c5rvsfjg2eub.cloudfront.net/asset/208244749100/image_5ira84t2jh7vp0e5crm2pkh55m/3405980_21013_001_Ersatzmesser_GP_CM_36_52_Pic.jpg
3414025,https://d2c5rvsfjg2eub.cloudfront.net/asset/208244749100/image_kn4nj8r4tl29bfur91j6f8ul2v/3414025_21010_001_Reinigungsset_Pic.jpg
3414026,https://d2c5rvsfjg2eub.cloudfront.net/asset/208244749100/image_vu15n3mpkh391ejll61hlua40e/3414026_21010_001_ReparaturSet_Pic.jpg
3414028,https://d2c5rvsfjg2eub.cloudfront.net/asset/208244749100/image_8q8g7nnpup5k33um8q9ou5o91c/3414028_21024_001_MagneticBand_20m_Pic.jpg
3414029,https://d2c5rvsfjg2eub.cloudfront.net/asset/208244749100/image_c8r2fg9m9l0i7007tu8girsa65/3414029_21024_001_MagneticBand_10m_Pic.jpg
3414114,https://d2c5rvsfjg2eub.cloudfront.net/asset/208244749100/image_1i764806m51nb49ldtq3b0kr3l/3414114_21010_001_GC_HM_300_RAL3002_Pic.jpg
3414129,https://d2c5rvsfjg2eub.cloudfront.net/asset/208244749100/image_u505lm7bbl1ut7br86qlpflq08/3414129_21010_001_GC_HM_400_RAL3002_Pic.jpg
3414165,https://d2c5rvsfjg2eub.cloudfront.net/asset/208244749100/image_2kj7ktfqdd2nj0h3i2kidga96t/3414165_11015_001_GE_HM_38_S_RAL3002_Pic.jpg
3421112,https://d2c5rvsfjg2eub.cloudfront.net/asset/208244749100/image_50n0h1213d43557i7bvbgchl5h/3421112_11015_001_Grasfangkorb_GE_HM_38_S.jpg
3415302,https://d2c5rvsfjg2eub.cloudfront.net/asset/208244749100/image_hatq8jpipt5vf1u9s8m4t8s623/3415302_11017_001_GC_GR_57_RAL3002_Pic.jpg
3415238,https://d2c5rvsfjg2eub.cloudfront.net/asset/208244749100/image_gtm3f7qhip5ll2kfetkcgou93s/3415238_21022_001_GC_SR_12_Pic.jpg
3401938,https://d2c5rvsfjg2eub.cloudfront.net/asset/208244749100/image_dtutkqgenh6d1f0qh1iav4ad14/3401938_11019_GC_PT_2538_1_I_AS_RAL3002.jpg
3405220,https://d2c5rvsfjg2eub.cloudfront.net/asset/208244749100/image_o4t6l8ac795rp53pu9nr4b7v2r/3405220_01018_001.jpg
3402023,https://d2c5rvsfjg2eub.cloudfront.net/asset/208244749100/image_jjomfb0ei15276htsb2ui44i2c/3402023_11019_001_GC_ET_450_300_Kit_RAL3002_Pic.jpg
3402040,https://d2c5rvsfjg2eub.cloudfront.net/asset/208244749100/image_5iskme9e9t7qp4ei88ipkh4549/3402040_11016_001_GC_ET_2522_RAL3002.jpg
3405075,https://d2c5rvsfjg2eub.cloudfront.net/asset/208244749100/image_4en37vhdpp155708c0efk3mo4h/3405075_11016_001_Ersatzfadenspule_GC_ET_2522_Pic.jpg
3405685,https://d2c5rvsfjg2eub.cloudfront.net/asset/208244749100/image_jnuqit150d3h5ejror7dv7022q/3405685_11015_001_Ersatzfadensp_GC_ET_4530_Pic.jpg
3405690,https://d2c5rvsfjg2eub.cloudfront.net/asset/208244749100/image_qe4m1ujsap5v5ah9k6vb5l6l3d/3405690_11013_001.jpg
3405695,https://d2c5rvsfjg2eub.cloudfront.net/asset/208244749100/image_ch0mgejm0l4b36ueodaec46n4d/3405695_11013_001.jpg
3401957,https://d2c5rvsfjg2eub.cloudfront.net/asset/208244749100/image_v8frj9ksb11f99hlf6mr35sv17/3401957_21023_001_GC_BC_25_1_I_AS_Pic_RGB.png
3401973,https://d2c5rvsfjg2eub.cloudfront.net/asset/208244749100/image_t2gtqdca491rhc4ogl5sis5020/3401973_11039_001_GH_BC_43_AS_RAL3002_Pic.jpg
3436525,https://d2c5rvsfjg2eub.cloudfront.net/asset/208244749100/image_m6inbtr8pl6jn62hdpipahmp6k/3436525_21022_001_GC_BC_30_1_I_AS_RAL3002_Pic.jpg
3436540,https://d2c5rvsfjg2eub.cloudfront.net/asset/208244749100/image_3afllpk8bl11j32b6kl8k3p22r/3436540_11029_001_GC_BC_52_I_AS_RAL3002_Pic.jpg
3436560,https://d2c5rvsfjg2eub.cloudfront.net/asset/208244749100/image_co67d8hff12f3elumgpf48920f/3436560_11019_001_GC_BC_36_4_S_RAL3002_Pic.jpg
3436650,https://d2c5rvsfjg2eub.cloudfront.net/asset/208244749100/image_a89j2m8ih52utdkjbbh99q6k57/3436650_11018_001_Ersatzfaden_basic_line_1_3_Pic.jpg
3436651,https://d2c5rvsfjg2eub.cloudfront.net/asset/208244749100/image_5h5nvgs12178tdsphvuosa5o51/3436651_11018_001_Ersatzfaden_basic_line_1_6_Pic.jpg
3436652,https://d2c5rvsfjg2eub.cloudfront.net/asset/208244749100/image_dbt2rbh7ph7n1duvsv5u2hon7t/3436652_11018_001_Ersatzfaden_basic_line_2_0_Pic.jpg
3436653,https://d2c5rvsfjg2eub.cloudfront.net/asset/208244749100/image_6d20r1ifop3hd100b12n90ko0r/3436653_11018_001_Ersatzfaden_super_cut_line_2_0_Pic.jpg
3436654,https://d2c5rvsfjg2eub.cloudfront.net/asset/208244749100/image_7jci9r16ih4epej6eadg31bi47/3436654_11018_001_Ersatzfaden_super_cut_line_2_4_Pic.jpg
3436655,https://d2c5rvsfjg2eub.cloudfront.net/asset/208244749100/image_vrcag7kpih4ph76nlu49sdfa0t/3436655_11018_001_Ersatzfaden_low_noise_line_2_4_Pic.jpg
3436656,https://d2c5rvsfjg2eub.cloudfront.net/asset/208244749100/image_5rnn12one91939n03s75ru9936/3436656_11018_001_Ersatzfaden_super_cut_line_3_0_Pic.jpg
3436657,https://d2c5rvsfjg2eub.cloudfront.net/asset/208244749100/image_bm6ud9q6j56jbbt496rnaja57k/3436657_11018_001_Ersatzfaden_low_noise_line_3_0_Pic.jpg
3436660,https://d2c5rvsfjg2eub.cloudfront.net/asset/208244749100/image_ss4a69jop93uve1pv6ejbsd669/3436660_11018_001_Grasmesser_spezial_230_Pic.jpg
3436661,https://d2c5rvsfjg2eub.cloudfront.net/asset/208244749100/image_6vqu5iga1t5phc9dd3bbh2re5p/3436661_11018_001_Grasmesser_230_Pic.jpg
3404996,https://d2c5rvsfjg2eub.cloudfront.net/asset/208244749100/image_estm39d49t6sp7cc1i5b2ge47j/3404996_11014_001_Grasmesser_255_Pic.jpg
3405086,https://d2c5rvsfjg2eub.cloudfront.net/asset/208244749100/image_70ch5f6qn11il0hkandq2go06o/3405086_11028_001_Ersatzspule_GH_BC_25_43_33_4_Pic.jpg
3405240,https://d2c5rvsfjg2eub.cloudfront.net/asset/208244749100/image_csphpkooit321673sbt7r0gs2j/3405240_11013_001.jpg
3410360,https://d2c5rvsfjg2eub.cloudfront.net/asset/208244749100/image_406e7r9t050np0t5jap4g9ui0i/3410360_21011_001_GC_CG_3_6_70_Li_Pic.jpg
3410365,https://d2c5rvsfjg2eub.cloudfront.net/asset/208244749100/image_vov0v29fct08tfqu2p46ndc97c/3410365_21011_001_GC_CG_3_6_70_Li_WT_Pic.jpg
3424002,https://d2c5rvsfjg2eub.cloudfront.net/asset/208244749100/image_hsd95l4v6t5ajb3gj6eigear40/3424002_11017_001_GC_EG_1410_RAL3002_gespiegelt_Pic.jpg
3424100,https://d2c5rvsfjg2eub.cloudfront.net/asset/208244749100/image_ft9ludmov521paoukhb4pnh22e/3424100_11010_001_ErsatzbuersteStahl_BG_EG_1410_Pic.jpg
3424110,https://d2c5rvsfjg2eub.cloudfront.net/asset/208244749100/image_6kl016n29141tf4g6bd2ehjf6b/3424110_11010_001_ErsatzbuersteNylon_BG_EG_1410_Pic.jpg
3424115,https://d2c5rvsfjg2eub.cloudfront.net/asset/208244749100/image_2nrhffmm5l7m1agrvdp09kff7j/3424115_21011_001_Ersatzbuersten_Stahl_und_Nylon_Pic.jpg
3420019,https://d2c5rvsfjg2eub.cloudfront.net/asset/208244749100/image_tscmhencbp11pe585rdfgb6c2c/3420019_11018_001_GC_SC_4240_P_RAL3002_Pic.jpg
3420021,https://d2c5rvsfjg2eub.cloudfront.net/asset/208244749100/image_0add83vr0p2533pt9ep3ob8i3l/3420021_11014_001_Ersatzmesserwalze_GC_SC_2240_P_Pic.jpg
3420630,https://d2c5rvsfjg2eub.cloudfront.net/asset/208244749100/image_fvceqh462p4gf7uccf5flvn81l/3420630_21022_001_GC_ES_1231_1_RAL3002_Pic.jpg
3420561,https://d2c5rvsfjg2eub.cloudfront.net/asset/208244749100/image_7gvrskgqr93t54j1dhnf8fvs6p/3420561_21033_001_GE_SA_1435_Pic_RGB.png
3420590,https://d2c5rvsfjg2eub.cloudfront.net/asset/208244749100/image_55u78kuee13nlbi7cpacld2507/3420590_11025_001_GE_SA_1640_RAL3002_Pic.jpg
3420640,https://d2c5rvsfjg2eub.cloudfront.net/asset/208244749100/image_5d049a6n3h5qv01ae6u8c7gt70/3420640_21022_001_GC_SA_1231_1_RAL3002_Pic.jpg
3420690,https://d2c5rvsfjg2eub.cloudfront.net/asset/208244749100/image_1veq93mf8h6c9cpo20os98hk4l/3420690_21011_001_GE_SA_1435_1_RAL3002_Pic.jpg
3421130,https://d2c5rvsfjg2eub.cloudfront.net/asset/208244749100/image_1hl6oj5er57mt4j7fgsv12860i/3421130_11014_001_Ersatzmesserwalze_GE_SA_1640.jpg
3421135,https://d2c5rvsfjg2eub.cloudfront.net/asset/208244749100/image_fhqsoo5sgt6fbae77mu0t0aq78/3421135_11014_001_Ersatzluefterwalze_GE_SA_1640.jpg
3405570,https://d2c5rvsfjg2eub.cloudfront.net/asset/208244749100/image_cerak4qkh53270q3undulofm67/3405570_01017_001_Luefterwalze_BG_SA_1231.jpg
3405572,https://d2c5rvsfjg2eub.cloudfront.net/asset/208244749100/image_6v64mkajgp267fl2pm00n6of2e/3405572_11017_001_Luefterwalze_GC_ES_SA_1231_1_RAL3002_Pic.jpg
3405577,https://d2c5rvsfjg2eub.cloudfront.net/asset/208244749100/image_71lg23vv2l1q12lfid4n0iq97i/3405577_11017_001_Fangsack_GC_ES_SA_1231_1_Pic.jpg
3405580,https://d2c5rvsfjg2eub.cloudfront.net/asset/208244749100/image_38ei3aki4p0encg3ou592fkd5u/3405580_01017_001_Messerwalze_BG_SA_1231.jpg
3405582,https://d2c5rvsfjg2eub.cloudfront.net/asset/208244749100/image_epvjdlfe392eb9ipapjrbjkd0c/3405582_11017_001_Messerwalze_GC_ES_SA_1231_1_RAL3002_Pic.jpg
3421108,https://d2c5rvsfjg2eub.cloudfront.net/asset/208244749100/image_v95qj4c2o13ejdspmkj4gdbp69/3421108_01018_001_Ersatzmesserwalze_RG_ES_1433_Pic.jpg
3421109,https://d2c5rvsfjg2eub.cloudfront.net/asset/208244749100/image_kait7l2r1926tai2tnbjqgvr5c/3421109_01018_001_Ersatzluefterwalze_RG_SA_1433_Pic.jpg
3421120,https://d2c5rvsfjg2eub.cloudfront.net/asset/208244749100/image_kiiqd2lapd79tdrgglh6a9pr25/3421120_11010_001.jpg
3421125,https://d2c5rvsfjg2eub.cloudfront.net/asset/208244749100/image_k1h4vn02cd5np3vege5ro0i86l/3421125_11010_001.jpg
3430281,https://d2c5rvsfjg2eub.cloudfront.net/asset/208244749100/image_ump6k089i50hh67nghtihrlt6p/3430281_11019_001_GC_MT_2560_LD_RAL3002_Pic.jpg
3431501,https://d2c5rvsfjg2eub.cloudfront.net/asset/208244749100/image_cn3iggktop0878jfk03doi5h6n/3431501_21023_001_GC_MT_2236_Pic_RGB.png
3431050,https://d2c5rvsfjg2eub.cloudfront.net/asset/208244749100/image_tc0jfguhf92rd5mmbfkud2tk71/3431050_21022_001_GC_RT_7530_RAL3002_Pic.jpg
3431060,https://d2c5rvsfjg2eub.cloudfront.net/asset/208244749100/image_1n2nistsbh12jdtlb2d4ahn207/3431060_21022_001_GC_RT_1545_M_RAL3002_Pic.jpg
3433320,https://d2c5rvsfjg2eub.cloudfront.net/asset/208244749100/image_mufhi1i0ld2074krqf4i9l302m/3433320_11017_001_GC_EL_3000_E_Pic.jpg
3433370,https://d2c5rvsfjg2eub.cloudfront.net/asset/208244749100/image_cqoq9f1u557k98imb7jnqmid1m/3433370_21010_001_GC_EL_3024_E_RAL3002_Pic.jpg
3403835,https://d2c5rvsfjg2eub.cloudfront.net/asset/208244749100/image_cc80ovuldp6rn2mj2kmnra9l0l/3403835_11029_001_GE_PH_2555_A_RAL3002_Pic.jpg
3403320,https://d2c5rvsfjg2eub.cloudfront.net/asset/208244749100/image_08fugjt2td6gr20t1on6in7s2l/3403320_11016_001_GC_EH_6055_1_RAL3002_Pic.jpg
3403330,https://d2c5rvsfjg2eub.cloudfront.net/asset/208244749100/image_i5h4tpd9n95dp4h878ogt6rg2g/3403330_11016_001_GE_EH_6560_RAL3002_Pic.jpg
3403340,https://d2c5rvsfjg2eub.cloudfront.net/asset/208244749100/image_nfc27jrfkp60reasg9as2tq00i/3403340_11016_001_GE_EH_7067_RAL3002_Pic.jpg
3403370,https://d2c5rvsfjg2eub.cloudfront.net/asset/208244749100/image_plppo1bfs96od51lh0i7jlog11/3403370_11015_001_GC_EH_4550_RAL3002_Pic.jpg
3436555,https://d2c5rvsfjg2eub.cloudfront.net/asset/208244749100/image_685im1hvhp7kv1gq16fng21l1p/3436555_21032_001_GC_MM_52_I_AS_RAL3002_Pic.jpg
4501240,https://d2c5rvsfjg2eub.cloudfront.net/asset/208244749100/image_88hnjgkuj91shf7hd86e168a3p/4501240_21011_001_GC_EC_7520_T_Pic.jpg
3403870,https://d2c5rvsfjg2eub.cloudfront.net/asset/208244749100/image_nd2g5od40d49721fef39192779/3403870_21011_001_GC_HH_5056_RAL3002_Pic.jpg
3403880,https://d2c5rvsfjg2eub.cloudfront.net/asset/208244749100/image_8khee2fa5d1rn688ej6j3a8829/3403880_21011_001_GC_HH_9046_RAL3002_Pic.jpg
4501290,https://d2c5rvsfjg2eub.cloudfront.net/asset/208244749100/image_53vb94vkjh4ih3fj67v4qpc639/4501290_21011_001_GC_HC_90_2046_T_RAL3002_Pic.jpg
4500124,https://d2c5rvsfjg2eub.cloudfront.net/asset/208244749100/image_ug38sa97lh3k13ldalnu3bpa3u/4500124_21011_001_Ersatzkette_GC_EC_7520_T_Pic.jpg
4500154,https://d2c5rvsfjg2eub.cloudfront.net/asset/208244749100/image_9bn5bkdogd56r1v89cskhjjb6j/4500154_21011_001_Ersatzschwert_GC_EC_7520_T_Pic.jpg
4501819,https://d2c5rvsfjg2eub.cloudfront.net/asset/208244749100/image_q2ffuhtbl12g3fhob7la1gf27u/4501819_21023_001_GC_PC_1435_I_TC_Kit_Pic_rgb.png
4501828,https://d2c5rvsfjg2eub.cloudfront.net/asset/208244749100/image_et5c0uc1nl1lf6ihrcsb72ub2v/4501828_21023_001_GC_PC_1435_I_TC_Set_Pic_rgb.png
4501851,https://d2c5rvsfjg2eub.cloudfront.net/asset/208244749100/image_86ggk5itql3619n4srk5ruiu31/4501851_21043_001_GC_PC_2040_I_Pic_RGB.png
4501870,https://d2c5rvsfjg2eub.cloudfront.net/asset/208244749100/image_b04gck12b95il4n12aqmls8h7j/4501870_21023_001_GC_PC_1335_1_I_Pic_RGB.png
4501872,https://d2c5rvsfjg2eub.cloudfront.net/asset/208244749100/image_scumj3j68t7lp11q16ucvpeu3h/4501872_21033_001_GC_PC_1335_1_I_Set_Pic_RGB.png
4501220,https://d2c5rvsfjg2eub.cloudfront.net/asset/208244749100/image_icreoeimud18v8v5hdcvtp5d7o/4501220_21024_001_GC_EC_1935_Pic.jpg
4501230,https://d2c5rvsfjg2eub.cloudfront.net/asset/208244749100/image_514hd6lk9t59n5qcojm8lpm65d/4501230_21024_001_GC_EC_2040_Pic.jpg
4501740,https://d2c5rvsfjg2eub.cloudfront.net/asset/208244749100/image_9o1t406a550arbag67ere8bi72/4501740_11014_001_GE_EC_2240_RAL3002_Pic.jpg
4500158,https://d2c5rvsfjg2eub.cloudfront.net/asset/208244749100/image_3634vt26j16sb8grt8ckjse55a/4500158_21011_001_Schwert_35cm_1_3_PIC.jpg
4500344,https://d2c5rvsfjg2eub.cloudfront.net/asset/208244749100/image_stfms14qu11jv0ir2vktjs4e4b/4500344_11013_001.jpg
4500173,"https://d2c5rvsfjg2eub.cloudfront.net/asset/208244749100/image_kadqasqhrt22vfljqt6lckps6s/4500173_21011_001_Ersatzkette_35cm_1,3_52T_3_8_Pic.jpg"
4500313,"https://d2c5rvsfjg2eub.cloudfront.net/asset/208244749100/image_fi3punl8mp2etbm804hf6tq919/4500313_21011_001_Ersatzkette_40cm_1,3_57T_3_8_Pic.jpg"
4500163,https://d2c5rvsfjg2eub.cloudfront.net/asset/208244749100/image_jdf6u50vn55230hfk1bf4blv16/4500163_21013_001_Ersatzschwert_15cm_Pic.jpg
4500193,https://d2c5rvsfjg2eub.cloudfront.net/asset/208244749100/image_kkmpctfc997r34m6ktf43nnk0i/4500193_21011_001_Ersatzkette_20cm_Pic.jpg
4500194,https://d2c5rvsfjg2eub.cloudfront.net/asset/208244749100/image_532jjg56k12gp4q1efplr1512s/4500194_21011_001_Ersatzschwert_20cm_Pic.jpg
4500365,https://d2c5rvsfjg2eub.cloudfront.net/asset/208244749100/image_ehcd44v6eh4gr8j5auel7cfi4c/4500365_21013_001_Ersatzschwert_40cm_Pic.jpg
4500366,https://d2c5rvsfjg2eub.cloudfront.net/asset/208244749100/image_ss601p5q9d3gnefjj38tjosm2r/4500366_21013_001_Ersatzkette_40cm_Pic.jpg
4499910,https://d2c5rvsfjg2eub.cloudfront.net/asset/208244749100/image_2nqra7uj093t732s3di54q1q17/4499910_11015_001_GC_CS_235_E_RAL3002_Pic.jpg
4499920,https://d2c5rvsfjg2eub.cloudfront.net/asset/208244749100/image_n8jtrg6gnl75p77lmp3kll6703/4499920_21021_001_GC_CS_85_E_Pic.jpg
4499924,https://d2c5rvsfjg2eub.cloudfront.net/asset/208244749100/image_m7j4b5snp11treuf02fhp51n50/4499924_21011_001_GC_CS_85_E_Set_Pic.jpg
4500480,https://d2c5rvsfjg2eub.cloudfront.net/asset/208244749100/image_hgjckg98d93bnent1op4832k1h/4500480_21060_001_Forstschutzhelm_RAL3002_Pic.jpg
4500067,https://d2c5rvsfjg2eub.cloudfront.net/asset/208244749100/image_bdgkim617d141cp6gjepmugq7k/4500067_11022_001_Kettensaegenbock.jpg
4500172,"https://d2c5rvsfjg2eub.cloudfront.net/asset/208244749100/image_bi999ehgpd3lh48llt12ffq77p/4500172_11013_001_Ersatzkette_35cm_1,3_53T_3,8_Pic.jpg"
4500174,https://d2c5rvsfjg2eub.cloudfront.net/asset/208244749100/image_4q87i6ql9p3dj8u2eeq481lq29/4500174_21013_001_Ersatzkette_15cm_Pic.jpg
4500168,https://d2c5rvsfjg2eub.cloudfront.net/asset/208244749100/image_1btvu02ssl38f97q9j9574pf3q/4500168_11014_001_Ersatzschwert_GC_EC_750_T.jpg
4500188,https://d2c5rvsfjg2eub.cloudfront.net/asset/208244749100/image_0npie5piql75ra9ql072cu4n12/4500188_11014_001_Ersatzkette_GC_EC_750_T_Screen.jpg
4500191,https://d2c5rvsfjg2eub.cloudfront.net/asset/208244749100/image_e2q593f31l3p7dfvg3em5fth5t/4500191_21011_001.jpg
4500192,https://d2c5rvsfjg2eub.cloudfront.net/asset/208244749100/image_1q05omn1et7ej0v0qrf8bh651q/4500192_21011_001_Ersatzkette_30cm_Pic.jpg
4500363,https://d2c5rvsfjg2eub.cloudfront.net/asset/208244749100/image_39n6o3h7kl3op8fufifabfft2j/4500363_11019_001_Ersatzschwert_25cm_1_3_Pic.jpg
4500364,"https://d2c5rvsfjg2eub.cloudfront.net/asset/208244749100/image_s433sb63hl42f7mbel3lebvp5p/4500364_11019_001_Ersatzkette_25cm_1,3_39T_3_8_Pic.jpg"
4501325,https://d2c5rvsfjg2eub.cloudfront.net/asset/208244749100/image_vm49jhi7ed59b3ungl38o6lu1v/4501325_11037_001_Kombi_Kanister_Pic.jpg
4501753,https://d2c5rvsfjg2eub.cloudfront.net/asset/208244749100/image_aen3kh82fh26p4v87ak8g4ff5v/4501753_21034_001_Ersatzschwert_25cm_1_1_Pic.jpg
4501754,https://d2c5rvsfjg2eub.cloudfront.net/asset/208244749100/image_v7psvga6k127l9a7rk93bfb20t/4501754_21024_001_Ersatzkette_GC_LC_18_Li_Pic.jpg
4500196,"https://d2c5rvsfjg2eub.cloudfront.net/asset/208244749100/image_07983l7e4p6kb0vltvb5fbl86q/4500196_11017_001_Ersatzkette_35cm_1,1_52T_3_8_Pic.jpg"
4500197,"https://d2c5rvsfjg2eub.cloudfront.net/asset/208244749100/image_aogslrfvp53mtcu9dgoojdg63c/4500197_11017_001_Ersatzschwert_35cm_1,1_Pic.jpg"
4500320,https://d2c5rvsfjg2eub.cloudfront.net/asset/208244749100/image_l94jbma6f51lbdk1sn1btthq4i/4500320_11011_001.jpg
4500071,https://d2c5rvsfjg2eub.cloudfront.net/asset/208244749100/image_mtrlctsmg12of3f99ilc00j83i/4500071_01018_001_Ersatzschleifscheibe_4mm_Pic.jpg
4500076,https://d2c5rvsfjg2eub.cloudfront.net/asset/208244749100/image_6au4g9bnqd2c13a1336uanvn3a/4500076_01018_001_Ersatzschleifscheibe_3mm_Pic.jpg
4599980,https://d2c5rvsfjg2eub.cloudfront.net/asset/208244749100/image_17ir5qsffd3idbcuaqr5nlvu2l/4599980_01018_001.jpg
4599990,https://d2c5rvsfjg2eub.cloudfront.net/asset/208244749100/image_iejvi34mrh7fje15tnpeq7p441/4599990_01018_001.jpg
3430620,https://d2c5rvsfjg2eub.cloudfront.net/asset/208244749100/image_4ignlov5m121p8u1ok5uni8v2m/3430620_11015_001_GC_RS_2540_RAL3002_Pic.jpg
3430635,https://d2c5rvsfjg2eub.cloudfront.net/asset/208244749100/image_2gjuuse08l33bfm02c7gv1486c/3430635_11019_001_GC_RS_60_CB_RAL3200_Pic.jpg
3430330,https://d2c5rvsfjg2eub.cloudfront.net/asset/208244749100/image_hdjupbtf0l3vl99ljnc0ul5l1i/3430330_21024_001_GC_KS_2540_pic.jpg
3430400,https://d2c5rvsfjg2eub.cloudfront.net/asset/208244749100/image_m4c0ccs6ht4o1178chkvm0iq2r/3430400_21010_001_GC_KS_2540_CB_RAL3002_Pic.jpg
3405930,https://d2c5rvsfjg2eub.cloudfront.net/asset/208244749100/image_v0jn083cpp08fc7ahedtl0qo6p/3405930_11029_001_Ersatzmesser_Pic.jpg
4500151,"https://d2c5rvsfjg2eub.cloudfront.net/asset/208244749100/image_gf48qvfogh1vh01gro4eafrq5v/4500151_01018_001_Ersatzschwert_35cm_1,3_Pic.jpg"
4500171,https://d2c5rvsfjg2eub.cloudfront.net/asset/208244749100/image_apburk0e7t4rrf061old0lbt7n/4500171_01018_001.jpg
4500332,https://d2c5rvsfjg2eub.cloudfront.net/asset/208244749100/image_qjv10s1trp7dtd6tri1r8qm72m/4500332_01017_001_Ersatzschwert_BG_EC_1840_Pic.jpg
4500176,https://d2c5rvsfjg2eub.cloudfront.net/asset/208244749100/image_vn02agk3s50djefkk3ebpalb2v/4500176_01018_001_Ersatzkette_40cm_57T_Pic.jpg
4180320,https://d2c5rvsfjg2eub.cloudfront.net/asset/208244749100/image_1icaclsj6t3ud783bnnbginh1h/4180320_11018_001_GC_GP_6040_ECO_RAL3002_Pic.jpg
4180340,https://d2c5rvsfjg2eub.cloudfront.net/asset/208244749100/image_6mep8f8i2537t9gnfbaucfut2u/4180340_11018_001_GC_GP_1045_RAL3002_Pic.jpg
4180350,https://d2c5rvsfjg2eub.cloudfront.net/asset/208244749100/image_2c4m91306d5338jrr28f0i0g5o/4180350_21022_001_GC_GP_1250_N_1_RAL3002_Pic.jpg
4180360,https://d2c5rvsfjg2eub.cloudfront.net/asset/208244749100/image_hgkaedlf192blaeipb5n0glr21/4180360_11018_001_GE_GP_1246_N_FS_Pant3002_Pic.jpg
4180370,https://d2c5rvsfjg2eub.cloudfront.net/asset/208244749100/image_1dmd1biri56eh44osn4ja4ja5l/4180370_11019_001_GE_GP_1145_eco_RAL3002_Pic.jpg
4180283,https://d2c5rvsfjg2eub.cloudfront.net/asset/208244749100/image_errq4fsq35039cejnc95h44o4b/4180283_11029_001_GC_GP_6538_Set_RAL3002_pic_rgb.png
4180286,https://d2c5rvsfjg2eub.cloudfront.net/asset/208244749100/image_0qukrodjj91rr61smo5o5tg24a/4180286_11029_001_GC_GP_6538_Set_I_RAL3002_pic_rgb.png
4176730,https://d2c5rvsfjg2eub.cloudfront.net/asset/208244749100/image_l2c1iuc2r159tf8hkgr3ajov0b/4176730_11027_001_GC_AW_6333_RAL3002_Pic_rgb.png
4177010,https://d2c5rvsfjg2eub.cloudfront.net/asset/208244749100/image_uj5bp5n4395jp7no791btl6t7g/4177010_11018_001_GE_AW_1042_FS_RAL3002_Pic.jpg
4177020,https://d2c5rvsfjg2eub.cloudfront.net/asset/208244749100/image_i73qc1b7vp2v31cng8cflkoe0k/4177020_11018_001_GE_AW_1246_N_FS_RAL3002_Pic.jpg
4180380,https://d2c5rvsfjg2eub.cloudfront.net/asset/208244749100/image_93n9o4gped49513qq52o0fss6r/4180380_21010_001.png
4173490,https://d2c5rvsfjg2eub.cloudfront.net/asset/208244749100/image_f328j1c4l90bv3snn4vcafou7o/4173490_11016_001_GC_WW_1250_NN_RAL3002_gespiegelt_Pic.jpg
4173520,https://d2c5rvsfjg2eub.cloudfront.net/asset/208244749100/image_e57krlqqb51tpe5hji5hh2m757/4173520_11018_001_GC_WW_1045_N_RAL3002_pic_rgb.png
4173530,https://d2c5rvsfjg2eub.cloudfront.net/asset/208244749100/image_0pof9trtrt0m7dcnt0mn42ji5g/4173530_11018_001_GE_WW_1246_N_FS_All_Incl.jpg
4173540,https://d2c5rvsfjg2eub.cloudfront.net/asset/208244749100/image_e8fbq5j18d0l5d8ncpmsevs511/4173540_11019_001_GE_WW_1145_eco_Pic_rgb.png
4173193,https://d2c5rvsfjg2eub.cloudfront.net/asset/208244749100/image_o2dkkletqp4jff6ok3oo7cd05a/4173193_11029_001_GC_WW_6538_Set_RAL3002_Pic_rgb.png
4171372,https://d2c5rvsfjg2eub.cloudfront.net/asset/208244749100/image_8ip65pu2qh74f74qupvkqf0o1s/4171372_11019_001_GE_PW_46_RAL3002_Pic.jpg
4190530,https://d2c5rvsfjg2eub.cloudfront.net/asset/208244749100/image_slb572h8ap68b6a5ud5f3ihl28/4190530_21023_001_GC_PW_16_Pic_RGB.png
4173764,https://d2c5rvsfjg2eub.cloudfront.net/asset/208244749100/image_m3t6n89lo976v2qkdg35n0ph2q/4173764_21013_001_Schnellverbinder_Pic.jpg
4174230,https://d2c5rvsfjg2eub.cloudfront.net/asset/208244749100/image_fj2n2vn10576f4n8ouo3vldo5h/4174230_21012_001_Elektron_Durchflussschalter_Pic.jpg
4173801,https://d2c5rvsfjg2eub.cloudfront.net/asset/208244749100/image_c4j00ng97t1nt38al0dku9aq0p/4173801_21054_001_Vorfilter_12_cm_RAL3002_Pic.jpg
4173851,https://d2c5rvsfjg2eub.cloudfront.net/asset/208244749100/image_46osc6qgth4t97oem6s6qqkf1v/4173851_21054_001_Vorfilter_25_cm_RAL3002_Pic.jpg
4173630,https://d2c5rvsfjg2eub.cloudfront.net/asset/208244749100/image_56ppn64b5h131bqnjl4sti5h77/4173630_21032_001_Saugschlauch_4m_Messing_Pic.jpg
4173635,https://d2c5rvsfjg2eub.cloudfront.net/asset/208244749100/image_e58ihl6g7h0qd5k4toieuq4a7f/4173635_01018_001_Saugschlauch_4m_Kunststoff_Pic.jpg
4173640,https://d2c5rvsfjg2eub.cloudfront.net/asset/208244749100/image_5o7p90rstl555175sk41dp3t03/4173640_21032_001_Saugschlauch_7m_Messing_Pic.jpg
4173645,https://d2c5rvsfjg2eub.cloudfront.net/asset/208244749100/image_i95ng9hq215mjemk38582b8s4f/4173645_01018_001_Saugschlauch_7m_Kunststoff_Pic.jpg
4173760,https://d2c5rvsfjg2eub.cloudfront.net/asset/208244749100/image_ugmp9mgp9t2s37ov072195ej43/4173760_21011_001_Adapter_33_3mm_Pic.jpg
4173761,https://d2c5rvsfjg2eub.cloudfront.net/asset/208244749100/image_49ku4b3j0916f6vj6vd7kpbu45/4173761_21011_001_Adapter_33_3_AG_Pic.jpg
4173762,https://d2c5rvsfjg2eub.cloudfront.net/asset/208244749100/image_n563cd438h5pt0rpsfc0fli33q/4173762_21011_001_Zubehoerset_Druckseite_Pic.jpg
4173763,https://d2c5rvsfjg2eub.cloudfront.net/asset/208244749100/image_hcqre9pl6p4td42o38tukhh35j/4173763_21011_001_Zubehoerset_Saug+Druckseite_Pic.jpg
4170715,https://d2c5rvsfjg2eub.cloudfront.net/asset/208244749100/image_5v7u123rdl4ll9pa9a03ac8o2n/4170715_11029_001_GE_SP_4390_LL_ECO_RAL3002_Pic.jpg
4171440,https://d2c5rvsfjg2eub.cloudfront.net/asset/208244749100/image_bf1qg6qigt0f94mknc8g2pmk54/4171440_11029_001_GE_SP_4390_N_A_LL_ECO_RAL3002_Pic.jpg
4181520,https://d2c5rvsfjg2eub.cloudfront.net/asset/208244749100/image_j7hv69ko997mba0i6u9kiaq21j/4181520_21010_001_GC_SP_2275_RAL3002_Pic.jpg
4170425,https://d2c5rvsfjg2eub.cloudfront.net/asset/208244749100/image_hlb5nbq5th4qba32l5qmqaiq2s/4170425_11019_001_GE_PP_5555_RB_A_RAL3002_Pic.jpg
4170438,https://d2c5rvsfjg2eub.cloudfront.net/asset/208244749100/image_h1tj75o9ap5mncbpvrjk2esh1d/4170438_11016_001_GE_SP_3546_RB_RAL3002_Pic.jpg
4170442,https://d2c5rvsfjg2eub.cloudfront.net/asset/208244749100/image_1dsv2rp9id03fekjsq4tnftu56/4170442_11028_001_GC_SP_2768_RAL3002_Pic.jpg
4170445,https://d2c5rvsfjg2eub.cloudfront.net/asset/208244749100/image_tucso0emrl14feck85ej4os061/4170445_11016_001_GC_SP_3580_LL_Pic_rgb.png
4170964,https://d2c5rvsfjg2eub.cloudfront.net/asset/208244749100/image_6ibd2r4u2p2ftd02p1iqti6g1k/4170964_11039_001_GC_PP_900_N_RAL3002_Pic.jpg
4171430,https://d2c5rvsfjg2eub.cloudfront.net/asset/208244749100/image_eblai119p945p6cjoqicv51m1q/4171430_21023_001_GE_PP_1100_N_A_Pic_rgb.png
4170937,https://d2c5rvsfjg2eub.cloudfront.net/asset/208244749100/image_2qu46cofo50gtcs5kkfn984m0v/4170937_21024_001_GE_DW_1155_N_A_pic.jpg
4170944,https://d2c5rvsfjg2eub.cloudfront.net/asset/208244749100/image_j3erm9nj4h0v79aonbescs4g3n/4170944_21034_001_GC_DW_1300_N_Pic.jpg
4170955,https://d2c5rvsfjg2eub.cloudfront.net/asset/208244749100/image_eti9o04tm97kh3q380k3k2g849/4170955_21033_001_GC_DW_1045_N_Pic.jpg
4170491,https://d2c5rvsfjg2eub.cloudfront.net/asset/208244749100/image_qq38f0vua15nv2ubv8lhd9s64p/4170491_11026_001_GC_DP_6315_N_Pic_rgb.png
4170700,https://d2c5rvsfjg2eub.cloudfront.net/asset/208244749100/image_o4mhb6ipjp1p939e2li24ib235/4170700_11039_001_GE_DP_7935_N_ECO_RAL3002_Pic.jpg
4170710,https://d2c5rvsfjg2eub.cloudfront.net/asset/208244749100/image_gh0d7lspeh3iham7ivbl95883h/4170710_11039_001_GE_DP_3925_ECO_RAL3002_Pic.jpg
4170742,https://d2c5rvsfjg2eub.cloudfront.net/asset/208244749100/image_jcc61aktad01d5ab9hfqj0fe6o/4170742_11029_001_GC_DP_1340_G_Pic_rgb.png
4170773,https://d2c5rvsfjg2eub.cloudfront.net/asset/208244749100/image_fmnovsvn4569j6gntplibsgd0u/4170773_11016_001_GC_DP_1020_N_Pic.jpg
4170778,https://d2c5rvsfjg2eub.cloudfront.net/asset/208244749100/image_qc9r6e68a950lbk190bft9pk4i/4170778_11018_001_GC_DP_9035_Pic_rgb.png
4170780,https://d2c5rvsfjg2eub.cloudfront.net/asset/208244749100/image_c7j0c65c8l3htbtbd8v9ctu424/4170780_21030_001_GE_DP_5220_LL_ECO_RAL3002_Pic.jpg
4170790,https://d2c5rvsfjg2eub.cloudfront.net/asset/208244749100/image_om175qa6b946961ihdrrj35i0b/4170790_21031_001_GE_DP_7330_LL_ECO_RAL3002_Pic.jpg
4171421,https://d2c5rvsfjg2eub.cloudfront.net/asset/208244749100/image_hnjprhtln17933655lsdt7go59/4171421_11017_001_GC_DP_5010_G_Pic_rgb.png
4171450,https://d2c5rvsfjg2eub.cloudfront.net/asset/208244749100/image_skeau7ueot579bbrr81ltakj54/4171450_21030_001_GE_DP_6935_A_ECO_RAL3002_Pic.jpg
4171460,https://d2c5rvsfjg2eub.cloudfront.net/asset/208244749100/image_rbo0ob2shh49lbb35ltv96rg6s/4171460_21030_001_GE_DP_7935_N_A_ECO_RAL3002_Pic.jpg
4171465,https://d2c5rvsfjg2eub.cloudfront.net/asset/208244749100/image_lca2rdhig551r9gralebq1j32f/4171465_21013_001_GE_DP_7935_N_A_LL_ECO_Pic_rgb.png
4181510,https://d2c5rvsfjg2eub.cloudfront.net/asset/208244749100/image_m1fan5t9dh59lavk3q1fhc7t6t/4181510_21010_001_GC_DP_9040_N_RAL3002_Pic.jpg
4181550,https://d2c5rvsfjg2eub.cloudfront.net/asset/208244749100/image_05s1gu332139v5a6rlmdd47t3p/4181550_21011_001_GE_DP_900_Cut_RAL3002_Pic.jpg
4181570,https://d2c5rvsfjg2eub.cloudfront.net/asset/208244749100/image_470mcsngbd48nbqno006t6qc7l/4181570_21011_001_GC_DP_7035_LL_RAL3002_Pic_rgb.png
4181600,https://d2c5rvsfjg2eub.cloudfront.net/asset/208244749100/image_u62ci4vu8h4hfe0h7p4q56316h/4181600_21013_001_GE_DP_7535_N_LL_ECO_Pic_rgb.png
1091511,https://d2c5rvsfjg2eub.cloudfront.net/asset/208244749100/image_1mb7uf2rrd5uf84c510n6b9m2q/1091511_21020_001_CE_JS_8_1_RAL3002_Pic.jpg
1091521,https://d2c5rvsfjg2eub.cloudfront.net/asset/208244749100/image_r8sjfu8f551ql2q0dee2qjb34i/1091521_21020_001_CE_JS_12_1_RAL3002_Pic.jpg
1091531,https://d2c5rvsfjg2eub.cloudfront.net/asset/208244749100/image_gfmkh5d55p3kf6bgbliks1o553/1091531_21020_001_CE_JS_18_1_RAL3002_Pic.jpg
1002205,https://d2c5rvsfjg2eub.cloudfront.net/asset/208244749100/image_gp7kh2n8154jf4jggjlb4no22h/1002205_11018_001_CE_BC_1_M_RAL3002_Pic.jpg
1002215,https://d2c5rvsfjg2eub.cloudfront.net/asset/208244749100/image_loud5fvivl00f6r921g0e8774h/1002215_11018_001_CE_BC_2_M_RAL3002_Pic.jpg
1002225,https://d2c5rvsfjg2eub.cloudfront.net/asset/208244749100/image_ev3b1ike7l5jpb1vfkqkmf4i16/1002225_21021_001_CE_BC_4_M_RAL3002_Pic.jpg
1002235,https://d2c5rvsfjg2eub.cloudfront.net/asset/208244749100/image_5v1ab0h3tp5sj4sf40dr5kq62r/1002235_21021_001_CE_BC_6_M_RAL3002_Pic.jpg
1002245,https://d2c5rvsfjg2eub.cloudfront.net/asset/208244749100/image_gcs0vdp9n91sn3t3rmilqsad2h/1002245_21021_001_CE_BC_10_M_RAL3002_Pic.jpg
1002251,https://d2c5rvsfjg2eub.cloudfront.net/asset/208244749100/image_kludqiv31559v38a137a5a5979/1002251_21012_001_CE_BC_5_M_LiFePO4_Pic_RGB.png
1002265,https://d2c5rvsfjg2eub.cloudfront.net/asset/208244749100/image_f7uv43kp156d3ejgsgaorbhf48/1002265_11019_001_CE_BC _15_M_RAL3002_Pic.jpg
1002275,https://d2c5rvsfjg2eub.cloudfront.net/asset/208244749100/image_f62vh3orjl5q10tujrgvi8je5u/1002275_11019_001_CE_BC_30_M_RAL3002_Pic.jpg
1023121,https://d2c5rvsfjg2eub.cloudfront.net/asset/208244749100/image_d8kbage1jl2jp210q0rs496r5q/1023121_11015_001_CC_BC_8_Pic.jpg
1050821,https://d2c5rvsfjg2eub.cloudfront.net/asset/208244749100/image_ve8h08gnq53mbftnpi6gmh9f49/1050821_11015_001_CC_BC_10E_PIC.jpg
1056121,https://d2c5rvsfjg2eub.cloudfront.net/asset/208244749100/image_hbrcvgg1mp7c52f09pta9dal6u/1056121_11015_001_CC_BC_5_Pic.jpg
2030335,https://d2c5rvsfjg2eub.cloudfront.net/asset/208244749100/image_j3pdirikel66v5f4f9u28ij94i/2030335_11046_001_BT_BO_16_1_A_RAL3002_Pic.jpg
2030345,https://d2c5rvsfjg2eub.cloudfront.net/asset/208244749100/image_9skteipvh92qfcdpd4smkado15/2030345_11046_001_BT_BO_25_1_A_RAL3002_Pic.jpg
2030365,https://d2c5rvsfjg2eub.cloudfront.net/asset/208244749100/image_fsnovhk4o919f40ak8eh6puj0p/2030365_11026_001_BT_BO_25_1_A_LED_SP_PantRAL3002_Pic.jpg
2093173,https://d2c5rvsfjg2eub.cloudfront.net/asset/208244749100/image_mn3qodn5mt17v7prtocak9c57d/2093173_11016_001_CC_PO_90_Pic.jpg
2093264,https://d2c5rvsfjg2eub.cloudfront.net/asset/208244749100/image_878eadj6l56n9fig17ea6fom6h/2093264_21041_001_CC_PO_1100_1_E_RAL3002_Pic.jpg
2093275,https://d2c5rvsfjg2eub.cloudfront.net/asset/208244749100/image_78oh914c4557h3vfojcitugl5v/2093275_21021_001_CC_PO_1100_150_E_RAL3002_Pic.jpg
2093245,https://d2c5rvsfjg2eub.cloudfront.net/asset/208244749100/image_5fdq18ofsp32n2r7n82jgpjo2q/2093245_21010_001_Polier-SchleifSet_150mm_Pic.jpg
2093246,https://d2c5rvsfjg2eub.cloudfront.net/asset/208244749100/image_lin87pikol7v12figu4kiq900h/2093246_21010_001_Polier_Schleifzub_150mm_Pic.jpg
2048312,https://d2c5rvsfjg2eub.cloudfront.net/asset/208244749100/image_qs91sl9o1d6n941ho46rdgq47o/2048312_11019_001_CC_HS_12_1_RAL3002_Pic.jpg
2048313,https://d2c5rvsfjg2eub.cloudfront.net/asset/208244749100/image_ej75ipretp7f9dpcuunai8ej7s/2048313_21012_001_CC_HS_12_2_RAL3002_Pic.jpg
2048304,https://d2c5rvsfjg2eub.cloudfront.net/asset/208244749100/image_v4a1sf9pvl3vl80d433bh3181p/2048304_11027_001_CC_IW_450_RAL3002_Pic.jpg
4259951,https://d2c5rvsfjg2eub.cloudfront.net/asset/208244749100/image_mhugt4hnq10r1b37nq4j0m9e5b/4259951_11018_001_CC_IW_950_1_RAL3002_Pic.jpg
2072121,https://d2c5rvsfjg2eub.cloudfront.net/asset/208244749100/image_mp1o48b4vp56f5g7hf9jsktb5k/2072121_11016_001_CC_AC_35_10_12V_RAL3002_Pic.jpg
2330111,https://d2c5rvsfjg2eub.cloudfront.net/asset/208244749100/image_kkkf5a7vql7sfdkju8tc3vas1k/2330111_11015_001_HGG_110_1_Niro_Pic_1464x600.jpg
2330435,https://d2c5rvsfjg2eub.cloudfront.net/asset/208244749100/image_ptrgd21mu94qv2o8ncmv114712/2330435_11086_001_HGG_171_Niro_Pic.jpg
2330910,https://d2c5rvsfjg2eub.cloudfront.net/asset/208244749100/image_tgptdnq6g97tpa1f3ucm8s2330/2330910_11086_001_HGG_300_Niro_Pic.jpg
2330920,https://d2c5rvsfjg2eub.cloudfront.net/asset/208244749100/image_87bmnp3bf508f9o5inld0gp54v/2330920_11026_001_HGG_200_Niro_Vario_Pic.jpg
2332330,https://d2c5rvsfjg2eub.cloudfront.net/asset/208244749100/image_c4tq3ua79h77v1cdusf9uhlo19/2332330_11045_001_KGH_4200_Pic.jpg
2333110,https://d2c5rvsfjg2eub.cloudfront.net/asset/208244749100/image_jdm4hld2f910jfqlk57h26e32a/2333110_11028_001_GS_4400_Pic.jpg
2333120,https://d2c5rvsfjg2eub.cloudfront.net/asset/208244749100/image_cnm6u4dnq577nfq6v7t3s3564j/2333120_11028_001_GS_4400_P_Pic.jpg
2332351,https://d2c5rvsfjg2eub.cloudfront.net/asset/208244749100/image_l0slml8g2h1f5eudohs2kf0u5l/2332351_11025_001_BFO_4200_1_Pic.jpg
2332399,https://d2c5rvsfjg2eub.cloudfront.net/asset/208244749100/image_9sv5i0lped7fd98dap8j0b173p/2332399_11012_001.jpg
4250670,https://d2c5rvsfjg2eub.cloudfront.net/asset/208244749100/image_31sg2qg51p1v13lbp20busdd7a/4250670_11017_001_TC_BD_350_Pic.jpg
4465150,https://d2c5rvsfjg2eub.cloudfront.net/asset/208244749100/image_643mdo2rp93cjakhj1r6g1ua62/4465150_21021_001_TE_MG_300_EQ_Pic.jpg
4257950,https://d2c5rvsfjg2eub.cloudfront.net/asset/208244749100/image_vu8o9vvs9t4e59gursf0e3m741/4257950_11027_001_TE_RH_38_E_RAL3002_Pic.jpg
4513595,https://d2c5rvsfjg2eub.cloudfront.net/asset/208244749100/image_lkp1pabdfd1oj91llefmql814k/4513595_21021_001_TE_CD_12_1_3X_Li_2Ah_RAL3002_Pic.jpg
4140135,https://d2c5rvsfjg2eub.cloudfront.net/asset/208244749100/image_d98n1rmgu13dt75racvhepq96o/4140135_21012_001_HYPRESSO_18_24_1_Li_Solo_Pic.jpg
2270109,https://d2c5rvsfjg2eub.cloudfront.net/asset/208244749100/image_kvq49vuq2p0ar1ntp20jqebe5q/2270109_21013_001_TC_LL_2_G_Pic_rgb.png
2270119,https://d2c5rvsfjg2eub.cloudfront.net/asset/208244749100/image_9o0rcn28ft5nr9t15bul41e47l/2270119_21013_001_TE_LL_360_G_Pic_rgb.png
3410676,-
4340455,https://d2c5rvsfjg2eub.cloudfront.net/asset/208244749100/image_vrshgm0ih55pt1n6kdk08c1g4q/4340455_21013_001.png
4510085,https://d2c5rvsfjg2eub.cloudfront.net/asset/208244749100/image_ado9de301116r3hukif4iglc1c/4510085_21013_001_TP_CI_18_220_Li_BL_Solo_Pic_RGB.png
4340431,https://d2c5rvsfjg2eub.cloudfront.net/asset/208244749100/image_65gel3sk2t0r98dm0u0619pl1s/4340431_21013_001.png
4308009,https://d2c5rvsfjg2eub.cloudfront.net/asset/208244749100/image_56vb18fusl13t30ph5q6kom42d/4308009_21035_001.png
4419952,https://d2c5rvsfjg2eub.cloudfront.net/asset/208244749100/image_8qhtqvffgh5hf9l4lii0oa5q35/4419952_21013_001_TC_SP_204_2_Pic.jpg
3411219,https://d2c5rvsfjg2eub.cloudfront.net/asset/208244749100/image_cqo7c1fjcp2id2g754jdno541c/3411219_21024_001_GE_CT_18_Li_1x2_5Ah_Pic.jpg
4514306,https://d2c5rvsfjg2eub.cloudfront.net/asset/208244749100/image_si2ioudptp0c7817m698sh503a/4514306_21013_001_TP_CD_18_Li_i_BL_Kit_Pic_RGB.png
4512147,https://d2c5rvsfjg2eub.cloudfront.net/asset/208244749100/image_r3dgeilh1t51vfffbj2obcg54e/4512147_21013_001_PXC_StarterKit_5_2Ah_Pic_RGB.png
4512153,https://d2c5rvsfjg2eub.cloudfront.net/asset/208244749100/image_3uprth6osp5rn27sjc8gv6lf2q/4512153_21014_001_PXC_5_2Ah&3A_BiVoltcharger_EX_BR_RAL3002_Pic.jpg
4503144,https://d2c5rvsfjg2eub.cloudfront.net/asset/208244749100/image_hra5s05m650939bkvpuegcfg3e/4503144_21013_001_TC_MC_355_1_EX_PE_MOQ_RAL3002_Pic.jpg
2048420,https://d2c5rvsfjg2eub.cloudfront.net/asset/208244749100/image_f6fuvhmjal3mt53lhq3n0bpa4e/2048420_21014_001.png
2255135,https://d2c5rvsfjg2eub.cloudfront.net/asset/208244749100/image_3mag7djiv10df1ftigdov5sh1m/2255135_11029_001_TC_EH_250_18_RAL3002_Pic.jpg
2255145,https://d2c5rvsfjg2eub.cloudfront.net/asset/208244749100/image_a0pq1t9lr51hv4jatp90orbb72/2255145_11029_001_TC_EH_500_18_RAL3002_Pic.jpg
2270122,https://d2c5rvsfjg2eub.cloudfront.net/asset/208244749100/image_s3ofg8co1d7td9ddtthgs9rm5n/2270122_21014_001.png
2342500,https://d2c5rvsfjg2eub.cloudfront.net/asset/208244749100/image_kevf3ciks13vn22gi06u7d250t/2342500_21013_002_TC_VC_1812_1_S_Pic_RGB.png
2352050,https://d2c5rvsfjg2eub.cloudfront.net/asset/208244749100/image_75snahfe9h5656l9c0v5l5164o/2352050_21013_001_TE_FS_18_Li_Solo_Pic_RGB.png
2352060,https://d2c5rvsfjg2eub.cloudfront.net/asset/208244749100/image_e2bunhr7pd26f1mn5grag7bp4r/2352060_21014_001_4tlg_Seitenbuersten_Set_Pic.jpg
2352061,https://d2c5rvsfjg2eub.cloudfront.net/asset/208244749100/image_1eme01hbn95j7d7s2li80srh3b/2352061_21014_001_Kehrwalze_TE_FS_18_Li_Pic.jpg
3407990,https://d2c5rvsfjg2eub.cloudfront.net/asset/208244749100/image_odvboarich7990dfadk62ve94t/3407990_21010_001_TC_WB_600_RAL3002_Pic.jpg
3437104,https://d2c5rvsfjg2eub.cloudfront.net/asset/208244749100/image_vui9trdvf55b37blltksq9l955/3437104_21013_001_Ersatzduese_280mm_breit_Pic.jpg
3437105,https://d2c5rvsfjg2eub.cloudfront.net/asset/208244749100/image_0fio61b9q51ej1bg779dpfrh0t/3437105_21013_001_Ersatzmikrofaser_Wischbezug_Pic.jpg
4007365,https://d2c5rvsfjg2eub.cloudfront.net/asset/208244749100/image_6tr85cg6v52hr0057jc6l31k4j/4007365_21014_001_TC_AC_190_24_8_1_Pic.jpg
4020411,https://d2c5rvsfjg2eub.cloudfront.net/asset/208244749100/image_n8ncq4k2u17t77dkguiql75c28/4020411_21014_001_TE_AC_18_75_Li_Set_EX_CH_Pic.jpg
4132734,https://d2c5rvsfjg2eub.cloudfront.net/asset/208244749100/image_dj1i5178qt1ldf1pqrf17r2e67/4132734_21014_001_AccessorySet5pcs_EX_PR_MOQ_Pic.jpg
4132904,https://d2c5rvsfjg2eub.cloudfront.net/asset/208244749100/image_h1si7p1nbl7m5c1hokluc9l56c/4132904_21014_001_PaintSgunScan_EX_PR_MOQ_Pic.jpg
4133005,https://d2c5rvsfjg2eub.cloudfront.net/asset/208244749100/image_d2fo66uoh966jcuncvarbl805l/4133005_21014_001_PaintSprayGun_EX_PE_MOQ_Pic.jpg
4133105,-
4133130,https://d2c5rvsfjg2eub.cloudfront.net/asset/208244749100/image_0up3ancnkt65l5p9hok5766p1t/4133130_21014_003_DL_SCHL_Pap_Set_Holz_50mm_VKA.jpg
4133131,https://d2c5rvsfjg2eub.cloudfront.net/asset/208244749100/image_6kf7l0jb5h3399eps9ln1e8j0e/4133131_21014_001_DL_SCHL_Pap_Set_Metall_50mm_Pic.jpg
4133332,https://d2c5rvsfjg2eub.cloudfront.net/asset/208244749100/image_gpb2tpiqmd69dep63qttssph55/4133332_21014_001_TC_PE_150_EX_PE_MOQ_RAL3002_Pic.jpg
4137856,https://d2c5rvsfjg2eub.cloudfront.net/asset/208244749100/image_iaqvoq3rq55sl8jrvfmu9bqn1d/4137856_21013_001_Klammern_3000Stueck_5_7x16mm_EX_FR_Pic.jpg
4137857,https://d2c5rvsfjg2eub.cloudfront.net/asset/208244749100/image_4g8h580ssh57hdditudcg75e60/4137857_21013_001_Klammern_3000Stueck_5_7x25mm_EX_FR_Pic.jpg
4137858,https://d2c5rvsfjg2eub.cloudfront.net/asset/208244749100/image_jjhfbhffp96jpecup2k7b4ms10/4137858_21013_001_Klammern_3000Stueck_5_7x40mm_EX_FR_Pic.jpg
4137867,https://d2c5rvsfjg2eub.cloudfront.net/asset/208244749100/image_pqduaqd71l26760c44mqt39v42/4137867_21013_001_Naegel_3000Stueck_25mm_EX_FR_Pic.jpg
4137868,https://d2c5rvsfjg2eub.cloudfront.net/asset/208244749100/image_7vsrqg0kil527autqppg79l63k/4137868_21013_001_Naegel_3000Stueck_40mm_EX_FR_Pic.jpg
4137869,https://d2c5rvsfjg2eub.cloudfront.net/asset/208244749100/image_q7ofnq4a5h48p78hog8s9qu856/4137869_21013_001_Naegel_3000Stueck_50mm_EX_FR_Pic.jpg
4137876,https://d2c5rvsfjg2eub.cloudfront.net/asset/208244749100/image_m9dujjplk50jn2fd5khghjrm5v/4137876_21013_001_Klammern_3000_38mm_Pic.jpg
4138953,https://d2c5rvsfjg2eub.cloudfront.net/asset/208244749100/image_bvrl7n6a3d0h3b1lkdh3ehle0m/4138953_21014_001_TC_PW_340_EX_PE_MOQ_Pic.jpg
4139089,https://d2c5rvsfjg2eub.cloudfront.net/asset/208244749100/image_a7jr1ftf295s11lloq799mk73s/4139089_21011_001_TC_DH_1600_1_Pic.jpg
4139109,https://d2c5rvsfjg2eub.cloudfront.net/asset/208244749100/image_8e7catskdh5bf69k6bnl2gin0k/4139109_21011_001_TE_DH_12_RAL3002_Pic.jpg
4139111,https://d2c5rvsfjg2eub.cloudfront.net/asset/208244749100/image_i215295vh17etdmakemilmrq7v/4139111_21011_001_TE_DH_1027_EX_PE_Pic.jpg
4139134,https://d2c5rvsfjg2eub.cloudfront.net/asset/208244749100/image_d05e07nh7t3ct15m7a61i9m66s/4139134_21011_001_TP_DH_50_220V_EX_PE_Pic.jpg
4139305,https://d2c5rvsfjg2eub.cloudfront.net/asset/208244749100/image_4fj8a3863t5qt98qbkpvvfqn1s/4139305_21013_001_ConnectorEURO_ORION_Pic.jpg
4139306,https://d2c5rvsfjg2eub.cloudfront.net/asset/208244749100/image_klguaoft6t0blf11fpd6p47r2j/4139306_21013_001_ConnectorORION_EURO_Pic.jpg
4139621,https://d2c5rvsfjg2eub.cloudfront.net/asset/208244749100/image_girjoghukt0rj6b0icp6j5bm2e/4139621_21013_001_Double_Connector_R14_EX_FR_Pic.jpg
4257214,https://d2c5rvsfjg2eub.cloudfront.net/asset/208244749100/image_cd1skrm9490dp5ugkehuoaio0u/4257214_21033_001_18V_2Ah_Twinpack_Pic.jpg
4257232,https://d2c5rvsfjg2eub.cloudfront.net/asset/208244749100/image_60gsfl1u6t3oh70qfofo0mqh1b/4257232_11017_001_TC_TK_Li_Kit_Pic.jpg
4257235,https://d2c5rvsfjg2eub.cloudfront.net/asset/208244749100/image_2l800h7pjh3gte2nhefseqtn5h/4257235_21030_001_TE_TK_18_(CD+CI)_EX_PE_Pic.jpg
4257236,https://d2c5rvsfjg2eub.cloudfront.net/asset/208244749100/image_46n7r21dgd7ld3m79inn4i896o/4257236_21043_001_TE_TK_18_Li_Kit_AG_CD_JS_Pic_rgb.png
4257240,https://d2c5rvsfjg2eub.cloudfront.net/asset/208244749100/image_rgl71jqhud4jpeb6lu1ceiea6i/4257240_21043_001_TE_TK_18_2_Li_Kit_CD_AG_Pic.jpg
4257241,https://d2c5rvsfjg2eub.cloudfront.net/asset/208244749100/image_6tma369qc561dcb79crj05kj09/4257241_21023_001_TE_TK_18_3_Li_Kit_Pic.jpg
4257244,https://d2c5rvsfjg2eub.cloudfront.net/asset/208244749100/image_r396lejrut39deuqp79g4ips5g/4257244_21024_001_TE_TK_18_5_2_Set_Bauhaus_Pic.jpg
4257939,https://d2c5rvsfjg2eub.cloudfront.net/asset/208244749100/image_9h9dh63j4h3ln77a44c09al00l/4257939_21011_001_TE_RH_38_E_RAL3002_Pic.jpg
4257988,-
4257992,https://d2c5rvsfjg2eub.cloudfront.net/asset/208244749100/image_uhq50st8jd1inctejf604nrf7t/4257992_21023_001_TC_RH_620_4F_Kit_Pic_RGB.png
4258478,https://d2c5rvsfjg2eub.cloudfront.net/asset/208244749100/image_28r6lrv31h6ej2m3h5nn5uq05b/4258478_21043_001_TH_RH_1600_Pic_rgb.png
4258565,https://d2c5rvsfjg2eub.cloudfront.net/asset/208244749100/image_slmn40dq8504t4k7jmd1ersc0t/4258565_21013_001.png
4259846,https://d2c5rvsfjg2eub.cloudfront.net/asset/208244749100/image_a7n5o1fjvl72fepak93i97f72k/4259846_21023_001_TC_ID_720_1_E_Kit_Pic.jpg
4259855,https://d2c5rvsfjg2eub.cloudfront.net/asset/208244749100/image_ss5n01ir6d4mhars4siqi0ed2b/4259855_21021_001_TC_ED_500_RAL3002_Pic.jpg
4259857,https://d2c5rvsfjg2eub.cloudfront.net/asset/208244749100/image_tokudj86s12m54vhor221frq73/4259857_21011_001_TC_ID_1000_E_64_Kit_Pic.jpg
4259956,https://d2c5rvsfjg2eub.cloudfront.net/asset/208244749100/image_5u46a0pqal1o3dpvmctoblq51b/4259956_21014_001_Bit_Set_3tlg_Pic.jpg
4260018,https://d2c5rvsfjg2eub.cloudfront.net/asset/208244749100/image_ts6c543c0p2s57ogs36334mc24/4260018_21011_001_TC_SY_700_S_RAL3002_Pic.jpg
4260041,https://d2c5rvsfjg2eub.cloudfront.net/asset/208244749100/image_r91i8mbq9h61h7l0hitoceqm5o/4260041_21013_001_Farbspruehaufsatz_1200ml_Pic.jpg
4260042,https://d2c5rvsfjg2eub.cloudfront.net/asset/208244749100/image_i045pf15jh1ov7efa1nol39677/4260042_21013_001_Farbbehaelter_1200ml_Pic.jpg
4261010,https://d2c5rvsfjg2eub.cloudfront.net/asset/208244749100/image_fsbgqupcd56nr5jhqtc0bdre19/4261010_21013_001_TP_DY_18_Li_BL_Solo_Pic_RGB.png
4261012,https://d2c5rvsfjg2eub.cloudfront.net/asset/208244749100/image_85uakf22s91ed67a64gv2rda12/4261012_21014_001.png
4300825,https://d2c5rvsfjg2eub.cloudfront.net/asset/208244749100/image_g7scob2vvp1odba1dgteidct0g/4300825_11048_001_TC_SM_2534_Dual_RAL3002_Pic.jpg
4308013,https://d2c5rvsfjg2eub.cloudfront.net/asset/208244749100/image_kdddvnkg695anbd71aue49384d/4308013_21013_001_TC_SB_200_plus_Pic_RGB.png
4308036,https://d2c5rvsfjg2eub.cloudfront.net/asset/208244749100/image_ccpiu9ac9h7hfbk86ubrkjrt37/4308036_21013_001_TC_SB_245_L_Pic_rgb.png
4309046,https://d2c5rvsfjg2eub.cloudfront.net/asset/208244749100/image_8p175meud51ib8f294o2q4552o/4309046_21012_001_TC_SS_405_E_EX_KOR_RAL3002_Pic.jpg
4311203,https://d2c5rvsfjg2eub.cloudfront.net/asset/208244749100/image_h3jo621k7h4kh4aie88fuf6n2l/4311203_11018_001_Vierbackenfutter_Pic.jpg
4311325,https://d2c5rvsfjg2eub.cloudfront.net/asset/208244749100/image_jlk0tcd9253jrfgg9847r39r5v/4311325_21014_001_Wendemesser_2_TE_SP_330_Pic.jpg
4321270,https://d2c5rvsfjg2eub.cloudfront.net/asset/208244749100/image_i9e9n86f454vp3fe6bp4s62v0m/4321270_21013_001.png
4321280,https://d2c5rvsfjg2eub.cloudfront.net/asset/208244749100/image_sqj7v6um310ip0d3j10h0sgh4k/4321280_21024_001_TC_JS_18_70_Li_2_5Ah_Pic.jpg
4326141,https://d2c5rvsfjg2eub.cloudfront.net/asset/208244749100/image_f3to5tk5cp4p51k64vjrk81m4j/4326141_11025_001_TC_AP_650_E_RAL3002_Pic.jpg
4326315,https://d2c5rvsfjg2eub.cloudfront.net/asset/208244749100/image_u3pf32gnop7sd429ul4fabja7l/4326315_21013_001_TE_AP_18_13_Li_Solo_Pic_RGB.png
4331006,-
4331225,https://d2c5rvsfjg2eub.cloudfront.net/asset/208244749100/image_ldm5rkcmgt77ffmp817meamr3a/4331225_21013_001_TP_CS_18_165_Li_BL_Solo_Pic_rgb.png
4340490,https://d2c5rvsfjg2eub.cloudfront.net/asset/208244749100/image_4op2nc37h93t91d1ragrsilj4v/4340490_21023_001_TC_TS_2025_2_U_Pic_RGB.png
4340505,https://d2c5rvsfjg2eub.cloudfront.net/asset/208244749100/image_0drvipl2ld1g93h11uengvea03/4340505_21033_001_TC_TS_254_eco_Pic_RGB.png
4350416,https://d2c5rvsfjg2eub.cloudfront.net/asset/208244749100/image_78vdhfhel93jh9k3me5iu3r012/4350416_21023_001_TP_RO_18_Set_Li_BL_Solo_EX_ZA_Pic.jpg
4350417,https://d2c5rvsfjg2eub.cloudfront.net/asset/208244749100/image_0qegenm3k16j5e5n0uh0q7ai12/4350417_21023_001_TP_RO_18_Li_BL_Solo_EX_ZA_Pic.jpg
4350418,https://d2c5rvsfjg2eub.cloudfront.net/asset/208244749100/image_ml2p0ql5at4il4palrgh70eu22/4350418_21013_001_TP_ET_18_Li_BL_Solo_Ex_Pic.jpg
4350420,https://d2c5rvsfjg2eub.cloudfront.net/asset/208244749100/image_rqginsj2ih33d4288q44lh6c5i/4350420_21013_001_Router_Guide_Rail_Adaptor_Pic.jpg
4350800,https://d2c5rvsfjg2eub.cloudfront.net/asset/208244749100/image_63n0s4sn1147t7p9u8h470t47d/4350800_21013_001_TP_MA_36_30_Li_BL_Solo_Pic_RGB.png
4412824,https://d2c5rvsfjg2eub.cloudfront.net/asset/208244749100/image_raoesl3hk51uv3lg3rdborib69/4412824_21011_001_TC_BG_200_EX_BR_200_Pic.jpg
4419380,https://d2c5rvsfjg2eub.cloudfront.net/asset/208244749100/image_p5qrjqtgjp0hj2g9n1mf6bdk5p/4419380_21013_001_TC_MT_150_E_Pic_rgb.png
4419925,https://d2c5rvsfjg2eub.cloudfront.net/asset/208244749100/image_arn5n1tnb51u10pi2sluop9223/4419925_11019_001_TE_SP_330_Pic_RGB.png
4419926,https://d2c5rvsfjg2eub.cloudfront.net/asset/208244749100/image_a1ucp7t3t143h1lgkvgdbs1347/4419926_21014_001_TE_SP_330_S_EX_CH_Pic.jpg
4430869,https://d2c5rvsfjg2eub.cloudfront.net/asset/208244749100/image_sv424atp6p7ed68n9mdin6np13/4430869_21011_001_TE_AG_230_RAL3002_Pic.jpg
4430985,https://d2c5rvsfjg2eub.cloudfront.net/asset/208244749100/image_ok6ek7qc0905b9tsrgt1tpcm5q/4430985_21013_001_TE_AG_125_1010_Pic_RGB.png
4431126,https://d2c5rvsfjg2eub.cloudfront.net/asset/208244749100/image_h5in03m3r95ep2idn35uos0d06/4431126_21010_002_TE_AG_18_100_Li_Solo_EX_PH_RAL3002_Pic.jpg
4431133,https://d2c5rvsfjg2eub.cloudfront.net/asset/208244749100/image_c6k01d68oh4c7d2dcdmn38rd5t/4431133_21024_001.png
4431142,https://d2c5rvsfjg2eub.cloudfront.net/asset/208244749100/image_2f604bou851kh4s4c90buo5v6l/4431142_21022_001_TE_AG_18_115_Li_BL_Solo_EX_UK_Pic.jpg
4431175,https://d2c5rvsfjg2eub.cloudfront.net/asset/208244749100/image_18prph00ul1ep9lt9h6bthg32u/4431175_21013_001_TP_AG_18_125_F_Li_Solo_Pic_RGB.png
4440020,https://d2c5rvsfjg2eub.cloudfront.net/asset/208244749100/image_qtqs4u1ktd3t3f86mtrp3er653/4440020_21014_001_Flap_discs_curved_3_Pic.jpg
4440470,https://d2c5rvsfjg2eub.cloudfront.net/asset/208244749100/image_qtm95eu8ol2oh5ocm2rv0puj5f/4440470_21013_001_DIA_Trennsch_76x1_8_Pic.jpg
4440471,https://d2c5rvsfjg2eub.cloudfront.net/asset/208244749100/image_406kff5k0p3qbdj7gki10hi567/4440471_21013_001_Trennscheiben_Set_76mm_5tlg_Pic.jpg
4461020,https://d2c5rvsfjg2eub.cloudfront.net/asset/208244749100/image_9bpt5tor3d5cjcnebfgairss0t/4461020_21013_001_TC_BF_500_E_pic_rgb.png
4466257,https://d2c5rvsfjg2eub.cloudfront.net/asset/208244749100/image_73vtqulptl1q589lso0g076640/4466257_21011_001_TC_BS_8038_Pic.jpg
4466272,https://d2c5rvsfjg2eub.cloudfront.net/asset/208244749100/image_jnh5i80bo53p502qkidh05q87h/4466272_21013_001_TP_BS_18_457_Li_BL_Solo_Pic.jpg
4506161,https://d2c5rvsfjg2eub.cloudfront.net/asset/208244749100/image_movqjq6i2l5d55he5am40j1m3s/4506161_21014_001.jpg
4506162,https://d2c5rvsfjg2eub.cloudfront.net/asset/208244749100/image_a58pbt3n3h4n9cdi1u7tkl2q17/4506162_21014_001.jpg
4506163,https://d2c5rvsfjg2eub.cloudfront.net/asset/208244749100/image_rfsdlfcq0h4er0htlppeln721g/4506163_21014_001.jpg
4510035,https://d2c5rvsfjg2eub.cloudfront.net/asset/208244749100/image_59k250sq2d6a30rp2gma9ong7g/4510035_21043_001_TP_CI_18_Li_BL_Kit_Pic.jpg
4510046,https://d2c5rvsfjg2eub.cloudfront.net/asset/208244749100/image_n2j0s51e2p3fj4ikfhjunbsu6j/4510046_21011_001_TP_CI_18_Li_BL_Solo_EX_KOR_RAL3002_Pic.jpg
4510503,"https://d2c5rvsfjg2eub.cloudfront.net/asset/208244749100/image_uevpo9973d02f28p1i55ni9l4d/4510503_21010_001_TC_SD_3,6_Li_Ion_Kit_EX_ARG_Pic.jpg"
4511341,https://d2c5rvsfjg2eub.cloudfront.net/asset/208244749100/image_paadvfc1sd3b5fm9ktk20bea2v/4511341_21074_001_PXC_Akku_18V_3_0Ah_Pic.jpg
4511613,https://d2c5rvsfjg2eub.cloudfront.net/asset/208244749100/image_s0nnha6be14odcmhqmcvdi4h41/4511613_21024_001_PXC_Akku_2_5Ah_EX_TH_Pic.jpg
4511614,https://d2c5rvsfjg2eub.cloudfront.net/asset/208244749100/image_2f29tat5ft1kb8qnr5q5cso33v/4511614_21024_001_PXC_Plus_Akku_18V_5_2Ah_Pic.jpg
4511619,https://d2c5rvsfjg2eub.cloudfront.net/asset/208244749100/image_oig8hqm1lt75157g96dljs4g42/4511619_21024_001_PXC_Plus_Akku_18V_3Ah_EX_TH_Pic.jpg
4511620,https://d2c5rvsfjg2eub.cloudfront.net/asset/208244749100/image_06iccppfht2td7kafkjfdu3m2h/4511620_21013_001_18V_2_5Ah_PXC_EX_TH_Starter_Kit_Pic.jpg
4511632,https://d2c5rvsfjg2eub.cloudfront.net/asset/208244749100/image_r1rp8t3o911ej43hel6r7fmn09/4511632_21024_001_PXC_Plus_Akku_18V_4_0_Ah_EX_TH_Pic.jpg
4511635,https://d2c5rvsfjg2eub.cloudfront.net/asset/208244749100/image_q05nu8ir6t72j8sasg2cmsnd6j/4511635_21024_001_PXC_Plus_Akku_18V_4-6_Multi_Ah_EX_TH_Pic.jpg
4511636,https://d2c5rvsfjg2eub.cloudfront.net/asset/208244749100/image_tm3osc8n1l1l17kuk8bb5pjo49/4511636_21023_001_PXC_Plus_Akku_18V_5-8_Multi_Ah_EX_TH_Pic.jpg
4511637,https://d2c5rvsfjg2eub.cloudfront.net/asset/208244749100/image_5p9c2nj6od3739le2rk6mplh1g/4511637_21013_001_18V_4Ah_PXC_StarterKit_EX_TH_Pic.jpg
4511664,https://d2c5rvsfjg2eub.cloudfront.net/asset/208244749100/image_ep4kugla3l38fc3nv7k0mfk06f/4511664_21014_001_PXC_StarterKit_5_2Ah_EX_TH_Pic.jpg
4513619,https://d2c5rvsfjg2eub.cloudfront.net/asset/208244749100/image_okmc06dhu14ebaksevsuv7v37i/4513619_21013_001_TE_CD_12_Li_Box_EX_RUS_Pic.jpg
4513731,https://d2c5rvsfjg2eub.cloudfront.net/asset/208244749100/image_459t6ipkr95hbdeb8t19h2ug4p/4513731_11018_001_TE_CD_18_40_Li_i_EX_UK_RAL3002_Pic.jpg
4513934,https://d2c5rvsfjg2eub.cloudfront.net/asset/208244749100/image_rr64vd3gf547l10j27ma7ksa5b/4513934_21010_001_TE_CD_18_40_Li_+69_RAL3002_Pic.jpg
4514013,https://d2c5rvsfjg2eub.cloudfront.net/asset/208244749100/image_obtg0amgmd1ln7ap9068r4tv78/4514013_21013_001_TE_CD_18_40_Li_i_EX_ZA_Pic.jpg
4514147,https://d2c5rvsfjg2eub.cloudfront.net/asset/208244749100/image_e9bbdp7au90g3cmje30fkces65/4514147_21013_001_TE_CL_18_2500_LiAC_EX_TH_Solo_Pic.jpg
4514148,https://d2c5rvsfjg2eub.cloudfront.net/asset/208244749100/image_c8mss15cmd56l33ovqm4c6e530/4514148_21013_001_TC_CP_18_Li_USB_AC_Pic_rgb.png
4514180,https://d2c5rvsfjg2eub.cloudfront.net/asset/208244749100/image_51ug9g9g8528nf4r2f8alk6c4f/4514180_21013_001_TE_CL_18_1000_S_Li_Solo_Pic.jpg
4514208,https://d2c5rvsfjg2eub.cloudfront.net/asset/208244749100/image_7h8dh8dcbl4cb7t6rq06cah304/4514208_21021_001_TP_CD_18_60_Li_i_BL_Pic.jpg
4514209,https://d2c5rvsfjg2eub.cloudfront.net/asset/208244749100/image_gujteihnsp3ip35ca9u0i3ni15/4514209_21023_001_TP_18V_TwinPack_BL_EX_UK_Pic.jpg
4514211,https://d2c5rvsfjg2eub.cloudfront.net/asset/208244749100/image_17k147mkbt3cn2jsf9rn80nk1q/4514211_21024_001_TP_CD_18_60_Li_i_BL_2Ah_Pic.jpg
4514221,https://d2c5rvsfjg2eub.cloudfront.net/asset/208244749100/image_i0fh8gs4f90q17akj5prnoc86a/4514221_21011_001_TE_CD_18_2_Li_i_64_Pic_RGB.jpg
4514224,https://d2c5rvsfjg2eub.cloudfront.net/asset/208244749100/image_pqva8r7cpt3if2nilldub7lt1r/4514224_21013_001_TC_CD_18_2_Li_i_EX_ZA_Pic.jpg
4514228,https://d2c5rvsfjg2eub.cloudfront.net/asset/208244749100/image_oi0hh1r32p67bdkn4q6dl3rm40/4514228_21023_001_TE_CD_18_40_1_Pic.jpg
4514274,https://d2c5rvsfjg2eub.cloudfront.net/asset/208244749100/image_0eetd2p09p6vj0ipd7vb9uu81s/4514274_21014_001.png
4514277,https://d2c5rvsfjg2eub.cloudfront.net/asset/208244749100/image_b17tm3ro855rt1huojnaa4sd7b/4514277_21013_001_TP_HD_18_22_D_Li_BL_Solo_Pic_RGB.png
4514284,https://d2c5rvsfjg2eub.cloudfront.net/asset/208244749100/image_5531i90nvl68151pct9ln7lj2v/4514284_21010_001_TE_CD_18_60_Li_i_BL_EX_TH_Pic.jpg
4514286,https://d2c5rvsfjg2eub.cloudfront.net/asset/208244749100/image_kqeimlbrkl6s371deh81ms5f4t/4514286_21013_001_TP_CD_18_50_Li_i_BL_EX_TH_Solo_Pic.jpg
4514287,https://d2c5rvsfjg2eub.cloudfront.net/asset/208244749100/image_23ehnunbih1u17olvnutahci2q/4514287_21024_001_TE_CD_18_44_Li_i_2_5Ah_Pic.jpg
4514315,https://d2c5rvsfjg2eub.cloudfront.net/asset/208244749100/image_lfimcon16d41n6lvnqsk7r066t/4514315_21013_001.png
4514320,https://d2c5rvsfjg2eub.cloudfront.net/asset/208244749100/image_igoc7vhakl4h77n91ckocc8g5v/4514320_21024_001_TE_RW_18_60_Li_Solo_Pic_RGB.png
4514325,https://d2c5rvsfjg2eub.cloudfront.net/asset/208244749100/image_uu1bria9dp1fdaqs2toiqqkp74/4514325_21014_001.png
4520594,https://d2c5rvsfjg2eub.cloudfront.net/asset/208244749100/image_0srnrrr6i93gr6qj1d57n0151j/4520594_21011_001_TC_BD_450_EX_PE_RAL3002_Pic.jpg
4520595,https://d2c5rvsfjg2eub.cloudfront.net/asset/208244749100/image_ejn0dp2loh54f9ne60n5etgi5j/4520595_21022_001_TC_BD_450_EX_PE_RAL3002_Pic.jpg
4530010,https://d2c5rvsfjg2eub.cloudfront.net/asset/208244749100/image_bq1oi7b6256c19vj6j681j4s4l/4530010_01019_001.jpg
4530117,-
3410401,https://d2c5rvsfjg2eub.cloudfront.net/asset/208244749100/image_ss5njj5i2p3bf81k257ffgv66h/3410401_11017_001_GE_CG_12_Li_RAL3002_Pic.jpg
2347400,https://d2c5rvsfjg2eub.cloudfront.net/asset/208244749100/image_h8soo9qpm9745a6eh1og5hdc1a/2347400_21014_001.png
2347405,https://d2c5rvsfjg2eub.cloudfront.net/asset/208244749100/image_k0q5crcb456m91g2990ohcrd5k/2347405_21014_001.png
2347410,https://d2c5rvsfjg2eub.cloudfront.net/asset/208244749100/image_3jjtft29vh58ldne7vp0qasj2d/2347410_21014_001.png
2347415,https://d2c5rvsfjg2eub.cloudfront.net/asset/208244749100/image_etqfec5tf92lfd5nrc3n7kkl3o/2347415_21014_001_TC_VC_2045_Pic.jpg
2347425,https://d2c5rvsfjg2eub.cloudfront.net/asset/208244749100/image_cfnp1hivh105l1fctminljle1t/2347425_21014_001.png
2342235,https://d2c5rvsfjg2eub.cloudfront.net/asset/208244749100/image_35gel2c6eh2lh52i8emavt3548/2342235_21024_001.png
2347445,https://d2c5rvsfjg2eub.cloudfront.net/asset/208244749100/image_hm2i8vi4656fpadfqs5jckco1q/2347445_21014_001.png
2342250,https://d2c5rvsfjg2eub.cloudfront.net/asset/208244749100/image_4ephr84fil1bh56gftg8jte54m/2342250_21014_001.png
2347435,https://d2c5rvsfjg2eub.cloudfront.net/asset/208244749100/image_8msncbjp853bd2656nhu2p205m/2347435_21014_001.png
2347440,https://d2c5rvsfjg2eub.cloudfront.net/asset/208244749100/image_g7mdhq9uph0m3ac8kue3cd424n/2347440_21014_001.png
2347430,https://d2c5rvsfjg2eub.cloudfront.net/asset/208244749100/image_h8iqvp23eh6fr53r2md5mn9m0b/2347430_21014_001.png
2347450,https://d2c5rvsfjg2eub.cloudfront.net/asset/208244749100/image_e8nkanhv8l1kdb3qqdbb9svn4a/2347450_21014_001.png
2351662,https://d2c5rvsfjg2eub.cloudfront.net/asset/208244749100/image_2msvr4ub153qhde45q7nognc17/2351662_21014_001.png
2351667,https://d2c5rvsfjg2eub.cloudfront.net/asset/208244749100/image_kpb73krfc137r4vuqnmjbnc65p/2351667_21014_001.png
2270077,https://d2c5rvsfjg2eub.cloudfront.net/asset/208244749100/image_8rp68ud5bp51h83hj4vso0s012/2270077_21013_001.png
2270082,https://d2c5rvsfjg2eub.cloudfront.net/asset/208244749100/image_1017uildql5rj1avc205do6e4o/2270082_21013_001_TC_LD_60_R_Pic.jpg
2270145,https://d2c5rvsfjg2eub.cloudfront.net/asset/208244749100/image_sogct97tnd6m95bonfphs6r86b/2270145_21013_001.png
4514195,https://d2c5rvsfjg2eub.cloudfront.net/asset/208244749100/image_p7cmq2uftl55ne29i8kkr3gv0k/4514195_21014_001.png
4173773,https://d2c5rvsfjg2eub.cloudfront.net/asset/208244749100/image_abcuc6k14p0phc9n8jr9v3ce5e/4173773_21025_001.png
4173774,https://d2c5rvsfjg2eub.cloudfront.net/asset/208244749100/image_rvl62oag590pnangpu04niu65c/4173774_21025_001.png
2347220,-
4520400,https://d2c5rvsfjg2eub.cloudfront.net/asset/208244749100/image_cia1ir8mid59v7f8isbmmqdu74/4520400_21014_001.png
4522300,https://d2c5rvsfjg2eub.cloudfront.net/asset/208244749100/image_rnkcv5a8nt6hnbgf0lk8tmg34u/4522300_21014_001_TP_GR_18_690_Li_Solo_Pic.jpg
3413360,https://d2c5rvsfjg2eub.cloudfront.net/asset/208244749100/image_oab4n5k33p07j38ejp9jcbj170/3413360_21014_001.png
3433570,https://d2c5rvsfjg2eub.cloudfront.net/asset/208244749100/image_t9ho31lu5t4fp680ahi8h2vr5g/3433570_21014_001.png
3408360,https://d2c5rvsfjg2eub.cloudfront.net/asset/208244749100/image_u6o3g6q5qp3qteg8t9jo2ugj0e/3408360_21014_001.png
4432010,https://d2c5rvsfjg2eub.cloudfront.net/asset/208244749100/image_mrm35n2hq93hj55ahv6lvb461v/4432010_21014_001.png
4540036,https://d2c5rvsfjg2eub.cloudfront.net/asset/208244749100/image_bmpm1kdf456g3bf7p1fgcjjr3k/4540036_21013_001_E_Case_Tasche_Pic_RGB.png
3411340,https://d2c5rvsfjg2eub.cloudfront.net/asset/208244749100/image_bltc3c4s8h5jt7pbujclssgk1e/3411340_21014_001.png
4007375,https://d2c5rvsfjg2eub.cloudfront.net/asset/208244749100/image_bl7ie7j2ed5g7a0p569no8s37u/4007375_21014_001.png
4007361,https://d2c5rvsfjg2eub.cloudfront.net/asset/208244749100/image_5naq2pfaip7gjbl87arv46oo0q/4007361_21014_001.png
4181610,-
4514152,https://d2c5rvsfjg2eub.cloudfront.net/asset/208244749100/image_m7mhmdbopp7u91g9p6s9101612/4514152_21015_001_TE_CL_18_25000_Li_Solo_Pic.jpg
4514335,-
3417021,https://d2c5rvsfjg2eub.cloudfront.net/asset/208244749100/image_rngkhbqbb54v393le8u5bahv71/3417021_21014_001.png
44300,https://raw.githubusercontent.com/einhellcentralasia/images_gallery/main/kwb/044300.png
51600,https://raw.githubusercontent.com/einhellcentralasia/images_gallery/main/kwb/051600.png
108709,https://raw.githubusercontent.com/einhellcentralasia/images_gallery/main/kwb/108709.png
108743,https://raw.githubusercontent.com/einhellcentralasia/images_gallery/main/kwb/108743.png
108753,https://raw.githubusercontent.com/einhellcentralasia/images_gallery/main/kwb/108753.png
108759,https://raw.githubusercontent.com/einhellcentralasia/images_gallery/main/kwb/108759.png
108763,https://raw.githubusercontent.com/einhellcentralasia/images_gallery/main/kwb/108763.png
108773,https://raw.githubusercontent.com/einhellcentralasia/images_gallery/main/kwb/108773.png
108953,https://raw.githubusercontent.com/einhellcentralasia/images_gallery/main/kwb/108953.png
109053,https://raw.githubusercontent.com/einhellcentralasia/images_gallery/main/kwb/109053.png
118683,https://raw.githubusercontent.com/einhellcentralasia/images_gallery/main/kwb/118683.png
118693,https://raw.githubusercontent.com/einhellcentralasia/images_gallery/main/kwb/118693.png
118903,https://raw.githubusercontent.com/einhellcentralasia/images_gallery/main/kwb/118903.png
118973,https://raw.githubusercontent.com/einhellcentralasia/images_gallery/main/kwb/118973.png
242138,https://raw.githubusercontent.com/einhellcentralasia/images_gallery/main/kwb/242138.png
242140,https://raw.githubusercontent.com/einhellcentralasia/images_gallery/main/kwb/242140.png
242640,https://raw.githubusercontent.com/einhellcentralasia/images_gallery/main/kwb/242640.png
247210,https://raw.githubusercontent.com/einhellcentralasia/images_gallery/main/kwb/247210.png
247302,https://raw.githubusercontent.com/einhellcentralasia/images_gallery/main/kwb/247302.png
247304,https://raw.githubusercontent.com/einhellcentralasia/images_gallery/main/kwb/247304.png
248920,https://raw.githubusercontent.com/einhellcentralasia/images_gallery/main/kwb/248920.png
260008,https://raw.githubusercontent.com/einhellcentralasia/images_gallery/main/kwb/260008.png
260208,https://raw.githubusercontent.com/einhellcentralasia/images_gallery/main/kwb/260208.png
260210,https://raw.githubusercontent.com/einhellcentralasia/images_gallery/main/kwb/260210.png
500210,https://raw.githubusercontent.com/einhellcentralasia/images_gallery/main/kwb/500210.png
500220,https://raw.githubusercontent.com/einhellcentralasia/images_gallery/main/kwb/500220.png
500310,https://raw.githubusercontent.com/einhellcentralasia/images_gallery/main/kwb/500310.png
500312,https://raw.githubusercontent.com/einhellcentralasia/images_gallery/main/kwb/500312.png
500400,https://raw.githubusercontent.com/einhellcentralasia/images_gallery/main/kwb/500400.png
510000,https://raw.githubusercontent.com/einhellcentralasia/images_gallery/main/kwb/510000.png
525830,https://raw.githubusercontent.com/einhellcentralasia/images_gallery/main/kwb/525830.png
576090,https://raw.githubusercontent.com/einhellcentralasia/images_gallery/main/kwb/576090.png
598035,https://raw.githubusercontent.com/einhellcentralasia/images_gallery/main/kwb/598035.png
598038,https://raw.githubusercontent.com/einhellcentralasia/images_gallery/main/kwb/598038.png
598900,https://raw.githubusercontent.com/einhellcentralasia/images_gallery/main/kwb/598900.png
626045,https://raw.githubusercontent.com/einhellcentralasia/images_gallery/main/kwb/626045.png
626260,https://raw.githubusercontent.com/einhellcentralasia/images_gallery/main/kwb/626260.png
626265,https://raw.githubusercontent.com/einhellcentralasia/images_gallery/main/kwb/626265.png
706400,https://raw.githubusercontent.com/einhellcentralasia/images_gallery/main/kwb/706400.png
712022,https://raw.githubusercontent.com/einhellcentralasia/images_gallery/main/kwb/712022.png
723540,https://raw.githubusercontent.com/einhellcentralasia/images_gallery/main/kwb/723540.png
726010,https://raw.githubusercontent.com/einhellcentralasia/images_gallery/main/kwb/726010.png
757295,https://raw.githubusercontent.com/einhellcentralasia/images_gallery/main/kwb/757295.png
789540,https://raw.githubusercontent.com/einhellcentralasia/images_gallery/main/kwb/789540.png
790540,https://raw.githubusercontent.com/einhellcentralasia/images_gallery/main/kwb/790540.png
795726,https://raw.githubusercontent.com/einhellcentralasia/images_gallery/main/kwb/795726.png
795728,https://raw.githubusercontent.com/einhellcentralasia/images_gallery/main/kwb/795728.png
795926,https://raw.githubusercontent.com/einhellcentralasia/images_gallery/main/kwb/795926.png
795930,https://raw.githubusercontent.com/einhellcentralasia/images_gallery/main/kwb/795930.png
118410,https://raw.githubusercontent.com/einhellcentralasia/images_gallery/main/kwb/118410.png
928440,https://raw.githubusercontent.com/einhellcentralasia/images_gallery/main/kwb/928440.png
258720,https://raw.githubusercontent.com/einhellcentralasia/images_gallery/main/kwb/258720.png
61400,https://raw.githubusercontent.com/einhellcentralasia/images_gallery/main/kwb/061400.png
65800,https://raw.githubusercontent.com/einhellcentralasia/images_gallery/main/kwb/065800.png
258710,https://raw.githubusercontent.com/einhellcentralasia/images_gallery/main/kwb/258710.png
512004,https://raw.githubusercontent.com/einhellcentralasia/images_gallery/main/kwb/512004.png
599500,https://raw.githubusercontent.com/einhellcentralasia/images_gallery/main/kwb/599500.png
706416,https://raw.githubusercontent.com/einhellcentralasia/images_gallery/main/kwb/706416.png
706518,https://raw.githubusercontent.com/einhellcentralasia/images_gallery/main/kwb/706518.png
605030,https://raw.githubusercontent.com/einhellcentralasia/images_gallery/main/kwb/605030.png
304515,https://raw.githubusercontent.com/einhellcentralasia/images_gallery/main/kwb/304515.png
25410,https://raw.githubusercontent.com/einhellcentralasia/images_gallery/main/kwb/025410.png
100820,https://raw.githubusercontent.com/einhellcentralasia/images_gallery/main/kwb/100820.png
513904,https://raw.githubusercontent.com/einhellcentralasia/images_gallery/main/kwb/513904.png
105210,https://raw.githubusercontent.com/einhellcentralasia/images_gallery/main/kwb/105210.png
513903,https://raw.githubusercontent.com/einhellcentralasia/images_gallery/main/kwb/513903.png
493900,https://raw.githubusercontent.com/einhellcentralasia/images_gallery/main/kwb/493900.png
100200,https://raw.githubusercontent.com/einhellcentralasia/images_gallery/main/kwb/100200.png
928420,https://raw.githubusercontent.com/einhellcentralasia/images_gallery/main/kwb/928420.png
314426,https://raw.githubusercontent.com/einhellcentralasia/images_gallery/main/kwb/314426.png
557100,https://raw.githubusercontent.com/einhellcentralasia/images_gallery/main/kwb/557100.png
598220,https://raw.githubusercontent.com/einhellcentralasia/images_gallery/main/kwb/598220.png
100400,https://raw.githubusercontent.com/einhellcentralasia/images_gallery/main/kwb/100400.png
20310,https://raw.githubusercontent.com/einhellcentralasia/images_gallery/main/kwb/020310.png
258675,https://raw.githubusercontent.com/einhellcentralasia/images_gallery/main/kwb/258675.png
118100,https://raw.githubusercontent.com/einhellcentralasia/images_gallery/main/kwb/118100.png
706430,https://raw.githubusercontent.com/einhellcentralasia/images_gallery/main/kwb/706430.png
511474,https://raw.githubusercontent.com/einhellcentralasia/images_gallery/main/kwb/511474.png
706418,https://raw.githubusercontent.com/einhellcentralasia/images_gallery/main/kwb/706418.png
258685,https://raw.githubusercontent.com/einhellcentralasia/images_gallery/main/kwb/258685.png
52630,https://raw.githubusercontent.com/einhellcentralasia/images_gallery/main/kwb/052630.png
367850,https://raw.githubusercontent.com/einhellcentralasia/images_gallery/main/kwb/367850.png
705930,https://raw.githubusercontent.com/einhellcentralasia/images_gallery/main/kwb/705930.png
708000,https://raw.githubusercontent.com/einhellcentralasia/images_gallery/main/kwb/708000.png
495000,https://raw.githubusercontent.com/einhellcentralasia/images_gallery/main/kwb/495000.png
706415,https://raw.githubusercontent.com/einhellcentralasia/images_gallery/main/kwb/706415.png
700540,https://raw.githubusercontent.com/einhellcentralasia/images_gallery/main/kwb/700540.png
52800,https://raw.githubusercontent.com/einhellcentralasia/images_gallery/main/kwb/052800.png
304514,https://raw.githubusercontent.com/einhellcentralasia/images_gallery/main/kwb/304514.png
443008,https://raw.githubusercontent.com/einhellcentralasia/images_gallery/main/kwb/443008.png
20300,https://raw.githubusercontent.com/einhellcentralasia/images_gallery/main/kwb/020300.png
23730,https://raw.githubusercontent.com/einhellcentralasia/images_gallery/main/kwb/023730.png
258648,https://raw.githubusercontent.com/einhellcentralasia/images_gallery/main/kwb/258648.png
258668,https://raw.githubusercontent.com/einhellcentralasia/images_gallery/main/kwb/258668.png
258632,https://raw.githubusercontent.com/einhellcentralasia/images_gallery/main/kwb/258632.png
511906,https://raw.githubusercontent.com/einhellcentralasia/images_gallery/main/kwb/511906.png
706900,https://raw.githubusercontent.com/einhellcentralasia/images_gallery/main/kwb/706900.png
494100,https://raw.githubusercontent.com/einhellcentralasia/images_gallery/main/kwb/494100.png
100100,https://raw.githubusercontent.com/einhellcentralasia/images_gallery/main/kwb/100100.png
511900,https://raw.githubusercontent.com/einhellcentralasia/images_gallery/main/kwb/511900.png
511904,https://raw.githubusercontent.com/einhellcentralasia/images_gallery/main/kwb/511904.png
689603,https://raw.githubusercontent.com/einhellcentralasia/images_gallery/main/kwb/689603.png
557800,https://raw.githubusercontent.com/einhellcentralasia/images_gallery/main/kwb/557800.png
557900,https://raw.githubusercontent.com/einhellcentralasia/images_gallery/main/kwb/557900.png
495500,https://raw.githubusercontent.com/einhellcentralasia/images_gallery/main/kwb/495500.png
689605,https://raw.githubusercontent.com/einhellcentralasia/images_gallery/main/kwb/689605.png
689606,https://raw.githubusercontent.com/einhellcentralasia/images_gallery/main/kwb/689606.png
689720,https://raw.githubusercontent.com/einhellcentralasia/images_gallery/main/kwb/689720.png
105110,https://raw.githubusercontent.com/einhellcentralasia/images_gallery/main/kwb/105110.png
443006,https://raw.githubusercontent.com/einhellcentralasia/images_gallery/main/kwb/443006.png
443005,https://raw.githubusercontent.com/einhellcentralasia/images_gallery/main/kwb/443005.png
258610,https://raw.githubusercontent.com/einhellcentralasia/images_gallery/main/kwb/258610.png
258615,https://raw.githubusercontent.com/einhellcentralasia/images_gallery/main/kwb/258615.png
100730,https://raw.githubusercontent.com/einhellcentralasia/images_gallery/main/kwb/100730.png
706515,https://raw.githubusercontent.com/einhellcentralasia/images_gallery/main/kwb/706515.png
689725,https://raw.githubusercontent.com/einhellcentralasia/images_gallery/main/kwb/689725.png
777800,https://raw.githubusercontent.com/einhellcentralasia/images_gallery/main/kwb/777800.png
491512,https://raw.githubusercontent.com/einhellcentralasia/images_gallery/main/kwb/491512.png
784500,https://raw.githubusercontent.com/einhellcentralasia/images_gallery/main/kwb/784500.png
258730,https://raw.githubusercontent.com/einhellcentralasia/images_gallery/main/kwb/258730.png
982340,https://raw.githubusercontent.com/einhellcentralasia/images_gallery/main/kwb/982340.png
706450,https://raw.githubusercontent.com/einhellcentralasia/images_gallery/main/kwb/706450.png
706525,https://raw.githubusercontent.com/einhellcentralasia/images_gallery/main/kwb/706525.png
444300,https://raw.githubusercontent.com/einhellcentralasia/images_gallery/main/kwb/444300.png
100500,https://raw.githubusercontent.com/einhellcentralasia/images_gallery/main/kwb/100500.png
494700,https://raw.githubusercontent.com/einhellcentralasia/images_gallery/main/kwb/494700.png
778200,https://raw.githubusercontent.com/einhellcentralasia/images_gallery/main/kwb/778200.png
525100,https://raw.githubusercontent.com/einhellcentralasia/images_gallery/main/kwb/525100.png
100715,https://raw.githubusercontent.com/einhellcentralasia/images_gallery/main/kwb/100715.png
52680,https://raw.githubusercontent.com/einhellcentralasia/images_gallery/main/kwb/052680.png
52660,https://raw.githubusercontent.com/einhellcentralasia/images_gallery/main/kwb/052660.png
258670,https://raw.githubusercontent.com/einhellcentralasia/images_gallery/main/kwb/258670.png
664620,https://raw.githubusercontent.com/einhellcentralasia/images_gallery/main/kwb/664620.png
52650,https://raw.githubusercontent.com/einhellcentralasia/images_gallery/main/kwb/052650.png
116210,https://raw.githubusercontent.com/einhellcentralasia/images_gallery/main/kwb/116210.png
700840,https://raw.githubusercontent.com/einhellcentralasia/images_gallery/main/kwb/700840.png
512450,https://raw.githubusercontent.com/einhellcentralasia/images_gallery/main/kwb/512450.png
513105,https://raw.githubusercontent.com/einhellcentralasia/images_gallery/main/kwb/513105.png
511476,https://raw.githubusercontent.com/einhellcentralasia/images_gallery/main/kwb/511476.png
784900,https://raw.githubusercontent.com/einhellcentralasia/images_gallery/main/kwb/784900.png
258655,https://raw.githubusercontent.com/einhellcentralasia/images_gallery/main/kwb/258655.png
443004,https://raw.githubusercontent.com/einhellcentralasia/images_gallery/main/kwb/443004.png
443003,https://raw.githubusercontent.com/einhellcentralasia/images_gallery/main/kwb/443003.png
443010,https://raw.githubusercontent.com/einhellcentralasia/images_gallery/main/kwb/443010.png
784400,https://raw.githubusercontent.com/einhellcentralasia/images_gallery/main/kwb/784400.png
258630,https://raw.githubusercontent.com/einhellcentralasia/images_gallery/main/kwb/258630.png
258645,https://raw.githubusercontent.com/einhellcentralasia/images_gallery/main/kwb/258645.png
258625,https://raw.githubusercontent.com/einhellcentralasia/images_gallery/main/kwb/258625.png
421105,https://raw.githubusercontent.com/einhellcentralasia/images_gallery/main/kwb/421105.png
447206,https://raw.githubusercontent.com/einhellcentralasia/images_gallery/main/kwb/447206.png
14920,https://raw.githubusercontent.com/einhellcentralasia/images_gallery/main/kwb/014920.png
494600,https://raw.githubusercontent.com/einhellcentralasia/images_gallery/main/kwb/494600.png
491522,https://raw.githubusercontent.com/einhellcentralasia/images_gallery/main/kwb/491522.png
706535,https://raw.githubusercontent.com/einhellcentralasia/images_gallery/main/kwb/706535.png
258700,https://raw.githubusercontent.com/einhellcentralasia/images_gallery/main/kwb/258700.png
928430,https://raw.githubusercontent.com/einhellcentralasia/images_gallery/main/kwb/928430.png
12100,https://raw.githubusercontent.com/einhellcentralasia/images_gallery/main/kwb/012100.png
778400,https://raw.githubusercontent.com/einhellcentralasia/images_gallery/main/kwb/778400.png
485420,https://raw.githubusercontent.com/einhellcentralasia/images_gallery/main/kwb/485420.png
485410,https://raw.githubusercontent.com/einhellcentralasia/images_gallery/main/kwb/485410.png
779600,https://raw.githubusercontent.com/einhellcentralasia/images_gallery/main/kwb/779600.png
11620,https://raw.githubusercontent.com/einhellcentralasia/images_gallery/main/kwb/011620.png
89530,https://raw.githubusercontent.com/einhellcentralasia/images_gallery/main/kwb/089530.png
89560,https://raw.githubusercontent.com/einhellcentralasia/images_gallery/main/kwb/089560.png
89510,https://raw.githubusercontent.com/einhellcentralasia/images_gallery/main/kwb/089510.png
89500,https://raw.githubusercontent.com/einhellcentralasia/images_gallery/main/kwb/089500.png
706425,https://raw.githubusercontent.com/einhellcentralasia/images_gallery/main/kwb/706425.png
512005,https://raw.githubusercontent.com/einhellcentralasia/images_gallery/main/kwb/512005.png
706455,https://raw.githubusercontent.com/einhellcentralasia/images_gallery/main/kwb/706455.png
689608,https://raw.githubusercontent.com/einhellcentralasia/images_gallery/main/kwb/689608.png
689715,https://raw.githubusercontent.com/einhellcentralasia/images_gallery/main/kwb/689715.png
689604,https://raw.githubusercontent.com/einhellcentralasia/images_gallery/main/kwb/689604.png
708801,https://raw.githubusercontent.com/einhellcentralasia/images_gallery/main/kwb/708801.png
706510,https://raw.githubusercontent.com/einhellcentralasia/images_gallery/main/kwb/706510.png
120940,https://raw.githubusercontent.com/einhellcentralasia/images_gallery/main/kwb/120940.png
705015,https://raw.githubusercontent.com/einhellcentralasia/images_gallery/main/kwb/705015.png
513106,https://raw.githubusercontent.com/einhellcentralasia/images_gallery/main/kwb/513106.png
706522,https://raw.githubusercontent.com/einhellcentralasia/images_gallery/main/kwb/706522.png
689610,https://raw.githubusercontent.com/einhellcentralasia/images_gallery/main/kwb/689610.png
599600,https://raw.githubusercontent.com/einhellcentralasia/images_gallery/main/kwb/599600.png
494500,https://raw.githubusercontent.com/einhellcentralasia/images_gallery/main/kwb/494500.png
494300,https://raw.githubusercontent.com/einhellcentralasia/images_gallery/main/kwb/494300.png
525000,https://raw.githubusercontent.com/einhellcentralasia/images_gallery/main/kwb/525000.png
689710,https://raw.githubusercontent.com/einhellcentralasia/images_gallery/main/kwb/689710.png
511903,https://raw.githubusercontent.com/einhellcentralasia/images_gallery/main/kwb/511903.png
421102,https://raw.githubusercontent.com/einhellcentralasia/images_gallery/main/kwb/421102.png
258650,https://raw.githubusercontent.com/einhellcentralasia/images_gallery/main/kwb/258650.png
143100,https://raw.githubusercontent.com/einhellcentralasia/images_gallery/main/kwb/143100.png
530300,https://raw.githubusercontent.com/einhellcentralasia/images_gallery/main/kwb/530300.png
62500,https://raw.githubusercontent.com/einhellcentralasia/images_gallery/main/kwb/062500.png
669220,https://raw.githubusercontent.com/einhellcentralasia/images_gallery/main/kwb/669220.png
14910,https://raw.githubusercontent.com/einhellcentralasia/images_gallery/main/kwb/014910.png
29100,https://raw.githubusercontent.com/einhellcentralasia/images_gallery/main/kwb/029100.png
402200,https://raw.githubusercontent.com/einhellcentralasia/images_gallery/main/kwb/402200.png
511905,https://raw.githubusercontent.com/einhellcentralasia/images_gallery/main/kwb/511905.png
175440,https://raw.githubusercontent.com/einhellcentralasia/images_gallery/main/kwb/175440.png
783908,https://raw.githubusercontent.com/einhellcentralasia/images_gallery/main/kwb/783908.png
784208,https://raw.githubusercontent.com/einhellcentralasia/images_gallery/main/kwb/784208.png
784210,https://raw.githubusercontent.com/einhellcentralasia/images_gallery/main/kwb/784210.png
706440,https://raw.githubusercontent.com/einhellcentralasia/images_gallery/main/kwb/706440.png
706445,https://raw.githubusercontent.com/einhellcentralasia/images_gallery/main/kwb/706445.png
922910,https://raw.githubusercontent.com/einhellcentralasia/images_gallery/main/kwb/922910.png
491508,https://raw.githubusercontent.com/einhellcentralasia/images_gallery/main/kwb/491508.png
29110,https://raw.githubusercontent.com/einhellcentralasia/images_gallery/main/kwb/029110.png
29120,https://raw.githubusercontent.com/einhellcentralasia/images_gallery/main/kwb/029120.png
758100,https://raw.githubusercontent.com/einhellcentralasia/images_gallery/main/kwb/758100.png
599400,https://raw.githubusercontent.com/einhellcentralasia/images_gallery/main/kwb/599400.png
599300,https://raw.githubusercontent.com/einhellcentralasia/images_gallery/main/kwb/599300.png
603230,https://raw.githubusercontent.com/einhellcentralasia/images_gallery/main/kwb/603230.png
65710,https://raw.githubusercontent.com/einhellcentralasia/images_gallery/main/kwb/065710.png
603330,https://raw.githubusercontent.com/einhellcentralasia/images_gallery/main/kwb/603330.png
119390,https://raw.githubusercontent.com/einhellcentralasia/images_gallery/main/kwb/119390.png
16620,https://raw.githubusercontent.com/einhellcentralasia/images_gallery/main/kwb/016620.png
525820,https://raw.githubusercontent.com/einhellcentralasia/images_gallery/main/kwb/525820.png
705530,https://raw.githubusercontent.com/einhellcentralasia/images_gallery/main/kwb/705530.png
511907,https://raw.githubusercontent.com/einhellcentralasia/images_gallery/main/kwb/511907.png
511473,https://raw.githubusercontent.com/einhellcentralasia/images_gallery/main/kwb/511473.png
258660,https://raw.githubusercontent.com/einhellcentralasia/images_gallery/main/kwb/258660.png
598210,https://raw.githubusercontent.com/einhellcentralasia/images_gallery/main/kwb/598210.png
706512,https://raw.githubusercontent.com/einhellcentralasia/images_gallery/main/kwb/706512.png
52640,https://raw.githubusercontent.com/einhellcentralasia/images_gallery/main/kwb/052640.png
52700,https://raw.githubusercontent.com/einhellcentralasia/images_gallery/main/kwb/052700.png
511910,https://raw.githubusercontent.com/einhellcentralasia/images_gallery/main/kwb/511910.png
513905,https://raw.githubusercontent.com/einhellcentralasia/images_gallery/main/kwb/513905.png
513906,https://raw.githubusercontent.com/einhellcentralasia/images_gallery/main/kwb/513906.png
511909,https://raw.githubusercontent.com/einhellcentralasia/images_gallery/main/kwb/511909.png
669215,https://raw.githubusercontent.com/einhellcentralasia/images_gallery/main/kwb/669215.png
258680,https://raw.githubusercontent.com/einhellcentralasia/images_gallery/main/kwb/258680.png
706550,https://raw.githubusercontent.com/einhellcentralasia/images_gallery/main/kwb/706550.png
494900,https://raw.githubusercontent.com/einhellcentralasia/images_gallery/main/kwb/494900.png
511472,https://raw.githubusercontent.com/einhellcentralasia/images_gallery/main/kwb/511472.png
258620,https://raw.githubusercontent.com/einhellcentralasia/images_gallery/main/kwb/258620.png
89600,https://raw.githubusercontent.com/einhellcentralasia/images_gallery/main/kwb/089600.png
664630,https://raw.githubusercontent.com/einhellcentralasia/images_gallery/main/kwb/664630.png
304615,https://raw.githubusercontent.com/einhellcentralasia/images_gallery/main/kwb/304615.png
706422,https://raw.githubusercontent.com/einhellcentralasia/images_gallery/main/kwb/706422.png
92100,https://raw.githubusercontent.com/einhellcentralasia/images_gallery/main/kwb/092100.png
706520,https://raw.githubusercontent.com/einhellcentralasia/images_gallery/main/kwb/706520.png
258640,https://raw.githubusercontent.com/einhellcentralasia/images_gallery/main/kwb/258640.png
524010,https://raw.githubusercontent.com/einhellcentralasia/images_gallery/main/kwb/524010.png
105000,https://raw.githubusercontent.com/einhellcentralasia/images_gallery/main/kwb/105000.png
100300,https://raw.githubusercontent.com/einhellcentralasia/images_gallery/main/kwb/100300.png
304517,https://raw.githubusercontent.com/einhellcentralasia/images_gallery/main/kwb/304517.png
669225,https://raw.githubusercontent.com/einhellcentralasia/images_gallery/main/kwb/669225.png
557000,https://raw.githubusercontent.com/einhellcentralasia/images_gallery/main/kwb/557000.png
700340,https://raw.githubusercontent.com/einhellcentralasia/images_gallery/main/kwb/700340.png
706460,https://raw.githubusercontent.com/einhellcentralasia/images_gallery/main/kwb/706460.png
706530,https://raw.githubusercontent.com/einhellcentralasia/images_gallery/main/kwb/706530.png
784212,https://raw.githubusercontent.com/einhellcentralasia/images_gallery/main/kwb/784212.png
706435,https://raw.githubusercontent.com/einhellcentralasia/images_gallery/main/kwb/706435.png
258690,https://raw.githubusercontent.com/einhellcentralasia/images_gallery/main/kwb/258690.png
706540,https://raw.githubusercontent.com/einhellcentralasia/images_gallery/main/kwb/706540.png
928460,https://raw.githubusercontent.com/einhellcentralasia/images_gallery/main/kwb/928460.png
292500,https://raw.githubusercontent.com/einhellcentralasia/images_gallery/main/kwb/292500.png
292600,https://raw.githubusercontent.com/einhellcentralasia/images_gallery/main/kwb/292600.png
494800,https://raw.githubusercontent.com/einhellcentralasia/images_gallery/main/kwb/494800.png
511475,https://raw.githubusercontent.com/einhellcentralasia/images_gallery/main/kwb/511475.png
706300,https://raw.githubusercontent.com/einhellcentralasia/images_gallery/main/kwb/706300.png
706545,https://raw.githubusercontent.com/einhellcentralasia/images_gallery/main/kwb/706545.png
258819,https://raw.githubusercontent.com/einhellcentralasia/images_gallery/main/kwb/258819.png
511477,https://raw.githubusercontent.com/einhellcentralasia/images_gallery/main/kwb/511477.png
981000,https://raw.githubusercontent.com/einhellcentralasia/images_gallery/main/kwb/981000.png
143200,https://raw.githubusercontent.com/einhellcentralasia/images_gallery/main/kwb/143200.png
258633,https://raw.githubusercontent.com/einhellcentralasia/images_gallery/main/kwb/258633.png
142400,https://raw.githubusercontent.com/einhellcentralasia/images_gallery/main/kwb/142400.png
149500,https://raw.githubusercontent.com/einhellcentralasia/images_gallery/main/kwb/149500.png
929300,https://raw.githubusercontent.com/einhellcentralasia/images_gallery/main/kwb/929300.png
100900,https://raw.githubusercontent.com/einhellcentralasia/images_gallery/main/kwb/100900.png
511908,https://raw.githubusercontent.com/einhellcentralasia/images_gallery/main/kwb/511908.png
530208,https://raw.githubusercontent.com/einhellcentralasia/images_gallery/main/kwb/530208.png
401310,https://raw.githubusercontent.com/einhellcentralasia/images_gallery/main/kwb/401310.png
258642,https://raw.githubusercontent.com/einhellcentralasia/images_gallery/main/kwb/258642.png
510900,https://raw.githubusercontent.com/einhellcentralasia/images_gallery/main/kwb/510900.png
557500,https://raw.githubusercontent.com/einhellcentralasia/images_gallery/main/kwb/557500.png
783500,https://raw.githubusercontent.com/einhellcentralasia/images_gallery/main/kwb/783500.png
525200,https://raw.githubusercontent.com/einhellcentralasia/images_gallery/main/kwb/525200.png
784600,https://raw.githubusercontent.com/einhellcentralasia/images_gallery/main/kwb/784600.png
258635,https://raw.githubusercontent.com/einhellcentralasia/images_gallery/main/kwb/258635.png
443012,https://raw.githubusercontent.com/einhellcentralasia/images_gallery/main/kwb/443012.png
11890,https://raw.githubusercontent.com/einhellcentralasia/images_gallery/main/kwb/011890.png
421103,https://raw.githubusercontent.com/einhellcentralasia/images_gallery/main/kwb/421103.png
421104,https://raw.githubusercontent.com/einhellcentralasia/images_gallery/main/kwb/421104.png
421106,https://raw.githubusercontent.com/einhellcentralasia/images_gallery/main/kwb/421106.png
258665,https://raw.githubusercontent.com/einhellcentralasia/images_gallery/main/kwb/258665.png
513104,https://raw.githubusercontent.com/einhellcentralasia/images_gallery/main/kwb/513104.png
513103,https://raw.githubusercontent.com/einhellcentralasia/images_gallery/main/kwb/513103.png
706516,https://raw.githubusercontent.com/einhellcentralasia/images_gallery/main/kwb/706516.png
67250,https://raw.githubusercontent.com/einhellcentralasia/images_gallery/main/kwb/067250.png
67300,https://raw.githubusercontent.com/einhellcentralasia/images_gallery/main/kwb/067300.png
67430,https://raw.githubusercontent.com/einhellcentralasia/images_gallery/main/kwb/067430.png
67450,https://raw.githubusercontent.com/einhellcentralasia/images_gallery/main/kwb/067450.png
91700,https://raw.githubusercontent.com/einhellcentralasia/images_gallery/main/kwb/091700.png
92090,https://raw.githubusercontent.com/einhellcentralasia/images_gallery/main/kwb/092090.png
90690,https://raw.githubusercontent.com/einhellcentralasia/images_gallery/main/kwb/090690.png
91000,https://raw.githubusercontent.com/einhellcentralasia/images_gallery/main/kwb/091000.png
92300,https://raw.githubusercontent.com/einhellcentralasia/images_gallery/main/kwb/092300.png
778500,https://raw.githubusercontent.com/einhellcentralasia/images_gallery/main/kwb/778500.png
92400,https://raw.githubusercontent.com/einhellcentralasia/images_gallery/main/kwb/092400.png
757800,https://raw.githubusercontent.com/einhellcentralasia/images_gallery/main/kwb/757800.png
758300,https://raw.githubusercontent.com/einhellcentralasia/images_gallery/main/kwb/758300.png
758600,https://raw.githubusercontent.com/einhellcentralasia/images_gallery/main/kwb/758600.png
784300,https://raw.githubusercontent.com/einhellcentralasia/images_gallery/main/kwb/784300.png
784800,https://raw.githubusercontent.com/einhellcentralasia/images_gallery/main/kwb/784800.png
598290,https://raw.githubusercontent.com/einhellcentralasia/images_gallery/main/kwb/598290.png
598250,https://raw.githubusercontent.com/einhellcentralasia/images_gallery/main/kwb/598250.png
704240,https://raw.githubusercontent.com/einhellcentralasia/images_gallery/main/kwb/704240.png
704340,https://raw.githubusercontent.com/einhellcentralasia/images_gallery/main/kwb/704340.png
704440,https://raw.githubusercontent.com/einhellcentralasia/images_gallery/main/kwb/704440.png
704540,https://raw.githubusercontent.com/einhellcentralasia/images_gallery/main/kwb/704540.png
757900,https://raw.githubusercontent.com/einhellcentralasia/images_gallery/main/kwb/757900.png
757910,https://raw.githubusercontent.com/einhellcentralasia/images_gallery/main/kwb/757910.png
4431197,https://d2c5rvsfjg2eub.cloudfront.net/asset/208244749100/image_0pokaq001l371cod4fal7kj74g/4431197_21015_001_TP_AG_18_125_13_Q_P_BL_Solo_Pic.jpg
2347225,https://d2c5rvsfjg2eub.cloudfront.net/asset/208244749100/image_rcmud7ud497cr9gm1mssc16r58/2347225_21014_001_TE_SV_18_270_Li_BL_Solo_Pic.jpg
3437130,-
4514365,https://d2c5rvsfjg2eub.cloudfront.net/asset/208244749100/image_8n8akkmus91n1961j6qa8e9h6d/4514365_21015_001_TC_CD_18_38_Li_Solo_Pic.jpg
4514313,-
2255161,https://d2c5rvsfjg2eub.cloudfront.net/asset/208244749100/image_9ienmnjavd5mpdo356bth4gn3v/2255161_21015_001_TE_EH_18_250_Li_BL_Pic.jpg
4345330,https://d2c5rvsfjg2eub.cloudfront.net/asset/208244749100/image_c949mrktmp169a74a1qovs534t/4345330_21015_001_TC_PL_800_Pic.jpg
4540037,https://d2c5rvsfjg2eub.cloudfront.net/asset/208244749100/image_1qpiemknnh0jp32lsbfh8v284i/4540037_21024_E_Case_Werkzeugkiste_Pic.jpg
4432000,https://d2c5rvsfjg2eub.cloudfront.net/asset/208244749100/image_53vajusj6566j680lulppsoe5p/4432000_21013_001.png
3408320,https://d2c5rvsfjg2eub.cloudfront.net/asset/208244749100/image_pmgah9tn6909d1bm7v4lhchk16/3408320_21013_001_GP_LS_18_28_Li_BL_Solo_Pic_RGB.png
4502076,https://d2c5rvsfjg2eub.cloudfront.net/asset/208244749100/image_43funqigfd73rf5qlildume91l/4502076_21014_001.png
446100097,https://raw.githubusercontent.com/einhellcentralasia/images_gallery/main/promo_combo/446100097.jpeg
432120997,https://raw.githubusercontent.com/einhellcentralasia/images_gallery/main/promo_combo/432120997.jpeg
432120097,https://raw.githubusercontent.com/einhellcentralasia/images_gallery/main/promo_combo/432120097.jpeg
432126097,https://raw.githubusercontent.com/einhellcentralasia/images_gallery/main/promo_combo/432126097.jpeg
343710097,https://raw.githubusercontent.com/einhellcentralasia/images_gallery/main/promo_combo/343710097.jpeg
451381297,https://raw.githubusercontent.com/einhellcentralasia/images_gallery/main/promo_combo/451381297.jpeg
446519097,https://raw.githubusercontent.com/einhellcentralasia/images_gallery/main/promo_combo/446519097.jpeg
451429097,https://raw.githubusercontent.com/einhellcentralasia/images_gallery/main/promo_combo/451429097.jpeg
451394297,https://raw.githubusercontent.com/einhellcentralasia/images_gallery/main/promo_combo/451394297.jpeg
451420597,https://raw.githubusercontent.com/einhellcentralasia/images_gallery/main/promo_combo/451420597.jpeg
451430597,https://raw.githubusercontent.com/einhellcentralasia/images_gallery/main/promo_combo/451430597.jpeg
451411597,https://raw.githubusercontent.com/einhellcentralasia/images_gallery/main/promo_combo/451411597.jpeg
451388797,https://raw.githubusercontent.com/einhellcentralasia/images_gallery/main/promo_combo/451388797.jpeg
451421097,https://raw.githubusercontent.com/einhellcentralasia/images_gallery/main/promo_combo/451421097.jpeg
451430097,https://raw.githubusercontent.com/einhellcentralasia/images_gallery/main/promo_combo/451430097.jpeg
426101097,https://raw.githubusercontent.com/einhellcentralasia/images_gallery/main/promo_combo/426101097.jpeg
446202097,https://raw.githubusercontent.com/einhellcentralasia/images_gallery/main/promo_combo/446202097.jpeg
451008542,https://raw.githubusercontent.com/einhellcentralasia/images_gallery/main/promo_combo/451008542.jpeg
451008042,https://raw.githubusercontent.com/einhellcentralasia/images_gallery/main/promo_combo/451008042.jpeg
451007042,https://raw.githubusercontent.com/einhellcentralasia/images_gallery/main/promo_combo/451007042.jpeg
425779042,https://raw.githubusercontent.com/einhellcentralasia/images_gallery/main/promo_combo/425779042.jpeg
451390042,https://raw.githubusercontent.com/einhellcentralasia/images_gallery/main/promo_combo/451390042.jpeg
451426042,https://raw.githubusercontent.com/einhellcentralasia/images_gallery/main/promo_combo/451426042.jpeg
451427042,https://raw.githubusercontent.com/einhellcentralasia/images_gallery/main/promo_combo/451427042.jpeg
452225042,https://raw.githubusercontent.com/einhellcentralasia/images_gallery/main/promo_combo/452225042.jpeg
434540542,https://raw.githubusercontent.com/einhellcentralasia/images_gallery/main/promo_combo/434540542.jpeg
432631042,https://raw.githubusercontent.com/einhellcentralasia/images_gallery/main/promo_combo/432631042.jpeg
452050042,https://raw.githubusercontent.com/einhellcentralasia/images_gallery/main/promo_combo/452050042.jpeg
451432042,https://raw.githubusercontent.com/einhellcentralasia/images_gallery/main/promo_combo/451432042.jpeg
443114042,https://raw.githubusercontent.com/einhellcentralasia/images_gallery/main/promo_combo/443114042.jpeg
443114442,https://raw.githubusercontent.com/einhellcentralasia/images_gallery/main/promo_combo/443114442.jpeg
443117542,https://raw.githubusercontent.com/einhellcentralasia/images_gallery/main/promo_combo/443117542.jpeg
451396042,https://raw.githubusercontent.com/einhellcentralasia/images_gallery/main/promo_combo/451396042.jpeg
451431042,https://raw.githubusercontent.com/einhellcentralasia/images_gallery/main/promo_combo/451431042.jpeg
451417242,https://raw.githubusercontent.com/einhellcentralasia/images_gallery/main/promo_combo/451417242.jpeg
433122542,https://raw.githubusercontent.com/einhellcentralasia/images_gallery/main/promo_combo/433122542.jpeg
341117242,https://raw.githubusercontent.com/einhellcentralasia/images_gallery/main/promo_combo/341117242.jpeg
908766620,https://raw.githubusercontent.com/einhellcentralasia/images_gallery/main/promo_combo/908766620.jpeg
417377342,https://raw.githubusercontent.com/einhellcentralasia/images_gallery/main/promo_combo/417377342.jpeg
341134012,https://raw.githubusercontent.com/einhellcentralasia/images_gallery/main/promo_combo/341134012.jpeg